name,id,tier,rarity,base value,range,damage/second,damage/shot,emp,impact,turn rate,OPs,ammo,ammo/sec,reload size,type,energy/shot,energy/second,chargeup,chargedown,burst size,burst delay,min spread,max spread,spread/shot,spread decay/sec,beam speed,proj speed,launch speed,flight time,proj hitpoints,autofireAccBonus,extraArcForAI,hints,tags,groupTag,tech/manufacturer,for weapon tooltip>>,primaryRoleStr,speedStr,trackingStr,turnRateStr,accuracyStr,customPrimary,customPrimaryHL,customAncillary,customAncillaryHL,noDPSInTooltip,number
,,,,,,,,,,,,,,,,,,,,,,,,,,,,,,,,,,,,,,,,,,,,,,,,
#DME,,,,,,,,,,,,,,,,,,,,,,,,,,,,,,,,,,,,,,,,,,,,,,,,
#Ballistics,,,,,,,,,,,,,,,,,,,,,,,,,,,,,,,,,,,,,,,,,,,,,,,,
Horn Attack Gun,dcp_DME_NTKcannon,0,,300,700,,75,,5,25,6,,,,HIGH_EXPLOSIVE,90,,,0.75,1,,0,5,1,15,,900,,,75,,,,"he6, dmecivil_bp, dmecore_bp, dmeballistic_bp, dmerefit_bp, revolutionary, merc",,Dassault-Mikoyan,,Anti Armor,,,,,Long-rod penetrator rounds deal an additional %s damage to armor. This damage is not reduced by armor.,25,,,,2000
Howler Cannon,dcp_DME_howler,1,,2000,800,,275,,15,15,10,,,,HIGH_EXPLOSIVE,350,,,2,1,,1,6,1,10,,850,,,300,,,,"he13, dmeadv_bp, dmeballistic_bp, revolutionary, merc",,Dassault-Mikoyan,,Anti Armor,,,,,Long-rod penetrator rounds deal an additional %s damage to armor. This damage is not reduced by armor.,75,,,,2001
Howler LBX,dcp_DME_howler_lbx,3,,0,800,,50,,5,25,6,,,,HIGH_EXPLOSIVE,60,,,1,1,,0,5,1,15,,850,,,75,,,SYSTEM,,,,,,,,,,,,,,,2002
Whdcp_DMEer Jetrifle,dcp_DME_whdcp_DMEer,2,0.5,3600,700,,90,,10,20,12,12,2,6,HIGH_EXPLOSIVE,120,,,0.45,3,0.15,2,10,2,15,,1200,,,100,,,DO_NOT_CONSERVE,"he12, dcp_DME_snri1t, no_dealer, restricted",,SNRI Labs,,Anti Armor,,,,,Long-rod penetrator rounds deal an additional %s damage to armor. This damage is not reduced by armor.,25,,,,2003
Howlspear Strike Cannon,dcp_DME_hellspear,2,,4800,1200,,500,,75,5,20,,,,HIGH_EXPLOSIVE,750,,,3.3333,1,,1,6,2,10,,1000,,,600,,,"STRIKE, USE_VS_FRIGATES","he16, dmeadv_bp, dmeballistic_bp",,Dassault-Mikoyan,,Anti Armor,,,,,Long-rod penetrator rounds deal an additional %s damage to armor. This damage is not reduced by armor.,250,,,,2004
,,,,,,,,,,,,,,,,,,,,,,,,,,,,,,,,,,,,,,,,,,,,,,,,
Ripper Flechette Gun,dcp_DME_ripper,0,,1200,700,,200,,5,45,9,50,2.5,10,FRAGMENTATION,50,,,0.1667,5,0.1667,2,8,1,15,,1200,,,200,,,"PD, PD_ALSO","he9, dmeballistic_bp, deserter_bp, merc",,Dassault-Mikoyan,,General,,,,,,,,,,2005
Revanche Flechette Cannon,dcp_DME_revanche,1,,6000,900,,200,,5,30,18,100,3.75,10,FRAGMENTATION,50,,,0.1,5,0.1,3,12,1,15,,1200,,,200,,,"PD, PD_ALSO, IGNORES_FLARES","he15, dmeballistic_bp, deserter_bp, merc",,Dassault-Mikoyan,,General,,,,,,,,,,2006
,,,,,,,,,,,,,,,,,,,,,,,,,,,,,,,,,,,,,,,,,,,,,,,,
Flak Discharger,dcp_DME_microflak,0,,120,500,,100,,1,25,2,30,0.25,3,FRAGMENTATION,20,,,1.6,3,0.2,1,12,2,15,,200,500,12,50,,,"DIRECT_AIM, BOMB, PD","pd5, SR, dmecivil_bp, dmeballistic_bp, revolutionary",,Dassault-Mikoyan,,Point Defense,,,,Spread Pattern,,,,,,2007
Cluster Flak,dcp_DME_linearflak_single,0,,1050,600,,240,,10,75,8,,,,FRAGMENTATION,80,,,0.8,1,,1,4,1,10,,900,,,60,,,PD,"pd13, SR, dmecore_bp, dmeballistic_bp, revolutionary",,Dassault-Mikoyan,,Point Defense,,,,Spread Pattern,Fires a %s. Highly effective against light targets.,cloud of proximity-fuzed submunitions,,,,2008
Twin Cluster Flak,dcp_DME_linearflak,1,,2100,600,,240,,10,50,12,,,,FRAGMENTATION,80,,,0.5,1,,1,6,1,10,,900,,,60,,,PD,"pd15, SR, dmeadv_bp, dmeballistic_bp",,Dassault-Mikoyan,,Point Defense,,,,Spread Pattern,Fires a %s. Highly effective against light targets.,cloud of proximity-fuzed submunitions,,,,2009
,,,,,,,,,,,,,,,,,,,,,,,,,,,,,,,,,,,,,,,,,,,,,,,,
Linear Autogun,dcp_DME_linearcannonlight,0,0.5,160,600,,30,,4,60,6,20,3,5,KINETIC,25,,,0.1,5,0.1,1,6,1,15,,1100,,,30,,,,"kinetic7, dmecivil_bp, dmeballistic_bp, deserter_bp, merc",,Dassault-Mikoyan,,Anti Shield,,,,,,,,,,2010
Heavy Linear Autogun,dcp_DME_heavylinear_autogun,1,,900,700,,30,,4,45,9,40,4,10,KINETIC,25,,,0.1,10,0.1,2,8,1,15,,1100,,,30,,,,"kinetic11, dmecore_bp, dmeballistic_bp, deserter_bp, bladewood_bp, merc",,Dassault-Mikoyan,,Anti Shield,,,,,,,,,,2011
,,,,,,,,,,,,,,,,,,,,,,,,,,,,,,,,,,,,,,,,,,,,,,,,
Linear Cannon,dcp_DME_linearcannon,1,0.2,400,700,,75,,5,50,7,,,,KINETIC,60,,,1.26,3,0.12,1,10,2,15,,1000,,,75,,,,"kinetic8, dcp_DME_snri1t, no_dealer, restricted",,SNRI Labs,,Anti Shield,,,,,,,,,,2012
Twin Linear Cannon,dcp_DME_linearcannontwin,2,0.2,1250,800,,75,,5,35,12,,,,KINETIC,60,,,1.76,3,0.12,1,12,1,15,,1000,,,75,,,,"kinetic12, dmeadv_bp, dmeballistic_bp",,Dassault-Mikoyan,,Anti Shield,,,,,,,,,,2013
Heavy Linear Cannon,dcp_DME_linearcannonheavy,2,,7500,900,,150,,20,20,24,,,,KINETIC,120,,,1.85,3,0.2,1,12,1,15,,1000,,,150,,,,"kinetic18, dmeadv_bp, dmeballistic_bp",,Dassault-Mikoyan,,Anti Shield,,,,,,,,,,2014
,,,,,,,,,,,,,,,,,,,,,,,,,,,,,,,,,,,,,,,,,,,,,,,,
Light Rail Accelerator,dcp_DME_6cmrailgun,3,0.5,1000,800,,150,,20,16,8,,,,KINETIC,180,,0.4,1.1,1,,1,3,1,12,,1600,,,135,0.1,,,"kinetic10, LR, dmeadv_bp, deserter_bp, bladewood_bp, hist2t",,Dassault-Mikoyan,,Anti Shield,,,,,%s improve the chances of a hit on fast targets.,Hypervelocity projectiles,,,,2015
Assault Rail Accelerator,dcp_DME_9cmrailgun,3,0.5,4500,800,,150,,20,12,14,,,,KINETIC,180,,0.45,2.25,3,0.15,1,7,1,10,,1600,,,180,0.1,,,"kinetic14, LR, dcp_DME_snri3t, no_dealer, restricted",,SNRI Labs,,Anti Shield,,,,,%s improve the chances of a hit on fast targets.,Hypervelocity projectiles,,,,2016
Heavy Rail Accelerator,dcp_DME_12cmrailgun,3,0.3,3000,1000,,350,,80,12,13,,,,KINETIC,420,,0.5,1.9,1,,1,4,1.5,10,,1700,,,300,0.1,,,"kinetic13, LR, rare_bp",,Dassault-Mikoyan,,Anti Shield,,,,,%s improve the chances of a hit on fast targets.,Hypervelocity projectiles,,,,2017
Superheavy Rail Accelerator,dcp_DME_20cmrailgun,3,0.2,7500,1000,,800,,200,8,28,,,,KINETIC,1200,,0.6,1.4,1,,1,5,2,8,,1800,,,600,0.1,,,"kinetic20, LR, rare_bp, bladewood_bp",,Dassault-Mikoyan,,Anti Shield,,,,,%s improve the chances of a hit on fast targets.,Hypervelocity projectiles,,,,2018
,,,,,,,,,,,,,,,,,,,,,,,,,,,,,,,,,,,,,,,,,,,,,,,,
#Energy,,,,,,,,,,,,,,,,,,,,,,,,,,,,,,,,,,,,,,,,,,,,,,,,
PD Beamer,dcp_DME_micropd,0,,550,350,270,,,0,135,5,2,0.5,,ENERGY,,140,0.05,0.05,0.3,0.05,,,,,10000,,,,,,,PD,"pd8, beam5, dmecivil_bp, dmecore_bp, dmeenergy_bp, revolutionary",,Dassault-Mikoyan,,Point Defense,,,,,,,,,,2019
Tri-Beamer,dcp_DME_tribeamer,2,,3000,500,500,,,0,75,12,5,0.75,,ENERGY,,300,0.05,0.05,0.3,0.05,,,,,10000,,,,,,,"PD, IGNORES_FLARES","pd15, beam10, dmecore_bp, dmeenergy_bp",,Dassault-Mikoyan,,Point Defense,,,,,Advanced built-in targeting sensors enable the weapon to identify decoy flares and not fire on them.,decoy flares,,,,2020
,,,,,,,,,,,,,,,,,,,,,,,,,,,,,,,,,,,,,,,,,,,,,,,,
Tactical Shockbeam,dcp_DME_tacbeamer,2,,350,700,240,,,5,30,5,,,,ENERGY,,410,0.1,1.2,0.6,0.5,,,,,7200,,,,,,,,"beam9, dmeadv_bp, dmeenergy_bp",,Dassault-Mikoyan,,General,,,,,Direct interactions with target matter cause explosions that do %s extra %s damage.,50 | Fragmentation,,,,2021
Obusier Shock Artillery,dcp_DME_shockartillery,3,0.5,5000,800,,300,400,0,7,14,,,,ENERGY,500,,0.16,3.84,1,,3,12,3,5,,500,,,1000,,,"STRIKE, USE_VS_FRIGATES","energy12, LR, dcp_DME_snri2t, no_dealer, restricted",,SNRI Labs,,Fire Support,,,,,Direct interactions with target matter cause large explosions that do %s extra %s damage.,150 | Energy,,,,2022
Ultra Shockbeam,dcp_DME_basilisk,3,,10500,1000,1200.5,,400,30,5,20,,,,ENERGY,,2573,0.2,2.4,1.2,2.2,,,,,7200,,,,,,,"STRIKE, USE_VS_FRIGATES","beam20, LR, dmeadv_bp",,Dassault-Mikoyan,,General,,,,,Direct interactions with target matter cause explosions that do %s extra %s damage.,200 | Fragmentation,,,,2023
,,,,,,,,,,,,,,,,,,,,,,,,,,,,,,,,,,,,,,,,,,,,,,,,
Capacitor Microlaser,dcp_DME_autolaser_small,1,,300,500,,35,,0,45,5,18,2.4,3,ENERGY,30,,0.1875,0,,,0,3,1,12,,1200,,,,,,DO_NOT_CONSERVE,"energy8, dmecivil_bp, dmecore_bp, dmeenergy_bp",,Dassault-Mikoyan,,General,,,,,,,,,,2024
ER Pulsed Laser,dcp_DME_erpulsebeam,2,,750,800,169,,,0,15,5,,,,ENERGY,,239,0.1,0.4,0.4,0.3,,,,,5400,,,,,,,,"beam9, LR, dmecivil_bp, dmecore_bp, dmeenergy_bp, leveller",,Dassault-Mikoyan,,Suppression,,,,,,,,,,2025
ER Gravitic Lance,dcp_DME_ionbeamer,2,,1800,800,200,,50,0,10,10,,,,KINETIC,,300,0.15,1.8,0.9,0.15,,,,,4800,,,,,,,,"energy12, beam12, dmeadv_bp, dmeenergy_bp",,Dassault-Mikoyan,,Anti Shield,,,,,,,,,,2026
Capacitor Autolaser,dcp_DME_autolaser,2,,1350,600,,75,,0,30,11,24,2.4,3,ENERGY,65,,0.1875,0,,,0,5,1,12,,1200,,,,,,DO_NOT_CONSERVE,"energy13, dmecore_bp, dmeenergy_bp",,Dassault-Mikoyan,,General,,,,,,,,,,2027
Capacitor Scatterlaser,dcp_DME_scatterlaser,3,,6000,700,,750,,0,12,20,4,0.4,1,ENERGY,750,,0.25,0.25,,,,,,,,1200,,,,,,DO_NOT_CONSERVE,"energy18, dmeadv_bp, dmeenergy_bp",,Dassault-Mikoyan,,General,,,,,Fires a spray of %s and %s damage laser bolts around a single %s damage projectile.,75 | 25 | 300,,,,2028
,,,,,,,,,,,,,,,,,,,,,,,,,,,,,,,,,,,,,,,,,,,,,,,,
Hybrid Pulser,dcp_DME_magpulser,2,,650,500,,35,100,0,60,6,,,,ENERGY,40,,0.125,0.675,3,0.1,3,9,3,10,,950,,,,,,,"energy8, dmeadv_bp, dmeenergy_bp, merc",,Dassault-Mikoyan,,General,,,,,"Hits on hull or armor have a %s chance to arc to weapons and engines, dealing extra damage equal to the original hit.",30%,,,,2029
Snub Hybrid Blaster,dcp_DME_omniblaster,3,0.3,1000,400,,1250,600,0,40,8,20,,,ENERGY,1500,,,10,1,,,,,,,950,,,4000,,,"STRIKE,USE_VS_FRIGATES","strike10, dmeadv_bp",SR_strike_only,Dassault-Mikoyan,,Strike,,,,,"Hits on hull or armor have a %s chance to arc to weapons and engines, dealing extra damage equal to the original hit.",60%,Fires a spray of %s damage bolts around a single %s damage projectile.,125 | 750,,2030
Hybrid Repeater,dcp_DME_hybridrepeater,5,0.1,2400,500,,50,100,0,45,10,,,,ENERGY,40,,0.125,0.05,3,0.1,4,12,3,10,,950,,,,,,,"energy11, dcp_DME_snri2t, restricted",,SNRI Labs,,Suppression,,,,,"Hits on hull or armor have a %s chance to arc to weapons and engines, dealing extra damage equal to the original hit.",30%,,,,2031
Hybrid Blaster,dcp_DME_hybridblaster,2,,3000,600,,300,50,0,30,12,,,,ENERGY,420,,0.2,0.4,1,,,,,,,950,,,1500,,,,"energy14, dmeadv_bp, dmeenergy_bp, merc",,Dassault-Mikoyan,,General,,,,,"Hits on hull or armor have a %s chance to arc to weapons and engines, dealing extra damage equal to the original hit.",30%,,,,2032
Auto Hybrid Blaster,dcp_DME_autohybridblaster,3,0.5,7500,800,,300,50,0,15,24,20,1,4,ENERGY,400,,0.125,0.125,,,0,4,1,10,,950,,,1200,,,,"energy18, rare_bp",,Dassault-Mikoyan,,General,,,,,"Hits on hull or armor have a %s chance to arc to weapons and engines, dealing extra damage equal to the original hit.",30%,,,,2033
,,,,,,,,,,,,,,,,,,,,,,,,,,,,,,,,,,,,,,,,,,,,,,,,
#Missiles,,,,,,,,,,,,,,,,,,,,,,,,,,,,,,,,,,,,,,,,,,,,,,,,
Perforator Rocket Launcher,dcp_DME_perforator,0,1.5,200,1350,,150,,5,40,4,60,,,HIGH_EXPLOSIVE,0,,,2.58,3,0.21,1,3,1,15,,900,25,2.4,40,,,CONSERVE_1,"rocket7, strike0, dmecivil_bp, dmecore_bp, dmemissile_bp, deserter_bp, bladewood_bp, revolutionary",,Dassault-Mikoyan,,Strike,Very Fast,None,,,,,,,,2034
Katyusha Perforator,dcp_DME_perforatorpod,1,,1200,1350,,150,,5,25,10,180,,,HIGH_EXPLOSIVE,0,,,4.02,12,0.18,2,5,1,15,,900,25,2.4,40,,,CONSERVE_1,"rocket13, strike8, dmecore_bp, dmemissile_bp, deserter_bp, revolutionary",,Dassault-Mikoyan,,Strike,Very Fast,None,,,,,,,,2035
,,,,,,,,,,,,,,,,,,,,,,,,,,,,,,,,,,,,,,,,,,,,,,,,
Frappeur Torpedo (Single),dcp_DME_mirvtorpedo_single,1,,225,1200,,1000,,30,30,2,1,,,HIGH_EXPLOSIVE,0,,,1,1,,,,,,,500,125,5,300,,,STRIKE,"strike5, rocket1, dmecore_bp, dmemissile_bp",,Dassault-Mikoyan,,Torpedo,Medium,Medium,,,Torpedoes will orient briefly on leaving the launcher before reverting to dumbfire mode. Each torpedo deals an additional %s area %s damage on hit.,350 | Fragmentation,,,TRUE,2036
Frappeur Torpedo Rack,dcp_DME_mirvtorpedo_rack,1,,500,1200,,1000,,30,20,4,2,,,HIGH_EXPLOSIVE,0,,,1,1,,,,,,,500,125,5,300,,,STRIKE,"strike6, rocket2, dmecore_bp, dmemissile_bp",,Dassault-Mikoyan,,Torpedo,Medium,Medium,,,Torpedoes will orient briefly on leaving the launcher before reverting to dumbfire mode. Each torpedo deals an additional %s area %s damage on hit.,350 | Fragmentation,,,TRUE,2037
Frappeur Torpedo Launcher,dcp_DME_mirvtorpedo_barrage,2,,2500,1200,,1000,,30,15,20,25,,,HIGH_EXPLOSIVE,0,,,8.4,5,0.4,1,5,1,10,,500,175,5,300,,,STRIKE,"strike16, rocket14, dmeadv_bp, dmemissile_bp",,Dassault-Mikoyan,,Torpedo,Medium,Medium,,,Torpedoes will orient briefly on leaving the launcher before reverting to dumbfire mode. Each torpedo deals an additional %s area %s damage on hit.,350 | Fragmentation,,,TRUE,2038
,,,,,,,,,,,,,,,,,,,,,,,,,,,,,,,,,,,,,,,,,,,,,,,,
Jongleur ESAD Rack,dcp_DME_marteau_esm_rack,1,,250,2500,,325,,15,30,3,8,,,HIGH_EXPLOSIVE,0,,,9.5,2,0.5,3,6,3,15,,500,135,15,180,,,"DO_NOT_AIM, STRIKE, USE_VS_FRIGATES","missile7, strike2, dmecore_bp, dmemissile_bp, merc",,Dassault-Mikoyan,,Pressure,Medium,Good,,,,,,,TRUE,2039
Jongleur ESAD Pod,dcp_DME_marteau_esm_pod,2,,1500,2500,,325,,15,20,10,32,,,HIGH_EXPLOSIVE,0,,,14.1,4,0.3,3,9,3,15,,500,135,15,180,,,"DO_NOT_AIM, STRIKE, USE_VS_FRIGATES","missile13, strike9, dmecore_bp, dmemissile_bp, merc",,Dassault-Mikoyan,,Pressure,Medium,Good,,,,,,,TRUE,2040
Jongleur ESAD Barrage,dcp_DME_marteau_esm_barrage,3,,4500,2500,,325,,15,10,18,120,,,HIGH_EXPLOSIVE,0,,,20.6,12,0.4,5,15,3,15,,500,135,15,180,,,"DO_NOT_AIM, STRIKE, USE_VS_FRIGATES","missile16, strike12, dmeadv_bp, dmemissile_bp",,Dassault-Mikoyan,,Pressure,Medium,Good,,,,,,,TRUE,2041
,,,,,,,,,,,,,,,,,,,,,,,,,,,,,,,,,,,,,,,,,,,,,,,,
Traceur MRM,dcp_DME_gravmissiletube,2,,450,2000,,200,1500,,0,6,5,0.0575,,FRAGMENTATION,,,,10,1,,,,,,,360,45,9,180,,,"DO_NOT_AIM, HEATSEEKER, DO_NOT_CONSERVE","utility13, missile0, dmecivil_bp, dmecore_bp, dmemissile_bp",,Dassault-Mikoyan,,Anti Engine,Fast,Excellent,,,The missile's unstable warhead delivers %s extra %s damage on hits to armor or hull.,50-150 | High Explosive,,,TRUE,2042
Traceur MRM Launcher,dcp_DME_gravmissilelauncher,2,,1600,2000,,200,1500,,10,12,12,0.1,2,FRAGMENTATION,,,,6.2667,2,0.4,,,,,,360,45,9,180,,,"DO_NOT_AIM, HEATSEEKER, DO_NOT_CONSERVE","utility13, dmecivil_bp, dmecore_bp, dmemissile_bp",,Dassault-Mikoyan,,Anti Engine,Fast,Excellent,,,The missile's unstable warhead delivers %s extra %s damage on hits to armor or hull.,50-150 | High Explosive,,,TRUE,2043
Marteau MLRM Launcher,dcp_DME_clusterlauncher,3,,3200,10000,,800,1200,,10,12,12,0.05,1,ENERGY,,,,10,1,,,,,,,150,60,75,250,,,"DO_NOT_AIM, CONSERVE_1","utility14, missile8, dmeadv_bp, bladewood_bp, merc",,Dassault-Mikoyan,,Suppression,Slow,Good,,,,,,,,2044
,,,,,,,,,,,,,,,,,,,,,,,,,,,,,,,,,,,,,,,,,,,,,,,,
Itano AMM-6,dcp_DME_ammlight,0,,300,1000,,50,,,0,3,96,,,HIGH_EXPLOSIVE,,,0.15,5.25,6,0.12,2,6,1,10,,350,75,7,35,,,"ANTI_FTR, DO_NOT_AIM, MISSILE_SPREAD, GROUP_LINKED","utility8, missile0, dmecivil_bp, dmecore_bp, dmemissile_bp, dmerefit_bp, revolutionary",,Dassault-Mikoyan,,Anti Small Craft,Fast,Excellent,,,Each missile deals %s extra damage on armor or hull hits. This damage is not reduced by armor.,25,,,,2045
Itano AMM-8,dcp_DME_ammpod,1,,400,1000,,50,,,0,5,120,,,HIGH_EXPLOSIVE,,,0.15,4.4833,8,0.1,2,6,1,10,,350,75,7,35,,,"ANTI_FTR, DO_NOT_AIM, MISSILE_SPREAD, GROUP_LINKED","utility8, missile1, dmecore_bp, dmemissile_bp, deserter_bp",,Dassault-Mikoyan,,Anti Small Craft,Fast,Excellent,,,Each missile deals %s extra damage on armor or hull hits. This damage is not reduced by armor.,25,,,,2046
Hedgehog Pod,dcp_DME_hedgehog_pod,1,0.5,2000,1000,,325,,50,25,10,96,,,HIGH_EXPLOSIVE,,,,17.3,12,0.2,0,5,1,15,,300,600,20,150,,,"ANTI_FTR, BOMB","utility5, missile0, dmeadv_bp, dmemissile_bp",,Dassault-Mikoyan,,Anti Fighter (Area),Slow,None,,,,,,,TRUE,2047
,,,,,,,,,,,,,,,,,,,,,,,,,,,,,,,,,,,,,,,,,,,,,,,,
Hellrider XRM (Single),dcp_DME_hellhound_single,2,,180,2500,,750,,45,20,2,1,,,HIGH_EXPLOSIVE,,,,1.5,1,,,,,,,425,100,10,250,,,DO_NOT_AIM,"strike7, missile0, dmeadv_bp",,Dassault-Mikoyan,,Pursuit/Finisher,Fast,Good,,,Metastable warhead deals an additional %s damage to armor. This damage is not reduced by armor.,250,,,TRUE,2048
Hellrider XRM Rack,dcp_DME_hellhound,3,,350,2500,,750,,45,20,4,2,,,HIGH_EXPLOSIVE,,,,1.5,1,,,,,,,425,100,10,250,,,DO_NOT_AIM,"strike9, missile1, dmeadv_bp",,Dassault-Mikoyan,,Pursuit/Finisher,Fast,Good,,,Metastable warhead deals an additional %s damage to armor. This damage is not reduced by armor.,250,,,TRUE,2049
Hellrider XRM Launcher,dcp_DME_hellhoundlauncher,3,,1500,2500,,750,,45,15,12,12,,,HIGH_EXPLOSIVE,,,,7.8,3,0.6,1,4,1,15,,425,100,10,250,,,DO_NOT_AIM,"missile13, strike9, rare_bp",,Dassault-Mikoyan,,Pursuit/Finisher,Fast,Good,,,Metastable warhead deals an additional %s damage to armor. This damage is not reduced by armor.,250,,,TRUE,2050
,,,,,,,,,,,,,,,,,,,,,,,,,,,,,,,,,,,,,,,,,,,,,,,,
Voltigeur ASM-3,dcp_DME_ruptureasm_sm,0,,350,1200,,200,100,45,15,5,15,,,KINETIC,,,0.1,7.1,3,0.4,1,3,1,15,,450,100,3.5,200,,,"STRIKE, USE_VS_FRIGATES, DIRECT_AIM, DO_NOT_AIM, MISSILE_SPREAD, GROUP_LINKED","missile8, strike2, dmecore_bp, dmemissile_bp",,Dassault-Mikoyan,,Anti Shield,Fast,Excellent,,,Deals %s extra %s damage on armor or hull hits.,50 | Energy,,,TRUE,2051
Voltigeur ASM-5,dcp_DME_ruptureasm_med,1,,1350,1200,,200,100,45,10,12,60,,,KINETIC,,,0.1,4.967,5,0.4,2,5,1,15,,450,100,3.5,200,,,"STRIKE, USE_VS_FRIGATES, DIRECT_AIM, DO_NOT_AIM, MISSILE_SPREAD, GROUP_LINKED","missile12, strike8, dmecore_bp, dmemissile_bp",,Dassault-Mikoyan,,Anti Shield,Fast,Excellent,,,Deals %s extra %s damage on armor or hull hits.,50 | Energy,,,TRUE,2052
Chasseur Multi-ASM,dcp_DME_chasseurLRMlauncher,3,,6000,2000,,900,400,90,5,20,20,,,KINETIC,,,0.25,11.75,1,,,,,,,350,100,10,450,,,"STRIKE, USE_VS_FRIGATES, DIRECT_AIM, DO_NOT_AIM, GROUP_LINKED","missile19, strike15, rare_bp",,Dassault-Mikoyan,,Anti Shield,Fast,Excellent,,,Deals %s extra %s damage on armor or hull hits.,50 | Energy,,,TRUE,2053
,,,,,,,,,,,,,,,,,,,,,,,,,,,,,,,,,,,,,,,,,,,,,,,,
#Built-ins,,,,,,,,,,,,,,,,,,,,,,,,,,,,,,,,,,,,,,,,,,,,,,,,
Multi-Beamer Node,dcp_DME_multipdnode,3,,250,300,320,,,0,180,3,6,3,3,FRAGMENTATION,,50,0,0.05,0.1,0.05,,,,,32000,,,,,0.6,,"PD, PD_ONLY, IGNORES_FLARES, SYSTEM",,,Dassault-Mikoyan,,Point Defense,,,,,%s AI ignores fighters and other ships.,Dedicated anti-missile targeting,,,,2054
Linear CIWS,dcp_DME_linearvulcan,3,,75,350,,25,,1,150,2,,,,FRAGMENTATION,5,,,1.2167,10,0.05,4,12,1,15,,1200,,,5,0.6,,"PD, SYSTEM","pd6, SR",,Dassault-Mikoyan,,Point Defense,,,,,,,,,,2055
Aiguille SAM System,dcp_DME_slapper,3,,250,1000,,200,200,45,60,5,30,0.375,3,FRAGMENTATION,0,,,1.6,3,0.2,,,,,,350,75,5,100,,,"DO_NOT_AIM, ANTI_FTR, DO_NOT_CONSERVE, SYSTEM","utility7, missile0",,Dassault-Mikoyan,,Suppression,,,,,,,,,TRUE,2056
Hedgehog Bomb Bay,dcp_DME_hedgehog_bay,3,,2000,1500,,325,,50,0,2,8,,,HIGH_EXPLOSIVE,,,,2.6,8,0.2,0,5,1,15,,200,400,16,150,,,"STRIKE, BOMB, SYSTEM",he0,,,,,,,,,,,,,,2057
Itano AMM-3,dcp_DME_amm_samo,2,,200,1000,,50,,,0,3,15,0.2,3,HIGH_EXPLOSIVE,,,0.15,4.61,3,0.12,2,6,2,10,,350,75,7,35,,,"ANTI_FTR, DO_NOT_AIM, SYSTEM","utility8, missile0",,Dassault-Mikoyan,,Anti Small Craft,Fast,Excellent,,,Each missile deals %s extra damage on armor or hull hits. This damage is not reduced by armor.,25,,,,2058
Tomino AMM System,dcp_DME_AMMblistertube,3,,600,1000,,300,,,5,5,6,0.05,3,HIGH_EXPLOSIVE,,,0.25,9.75,1,,,,,,,350,500,7,120,,,"DO_NOT_AIM, CONSERVE_1, GROUP_LINKED, SYSTEM","utility10, missile0",,Dassault-Mikoyan,,Anti Small Craft (Area),Fast,Good,,,Each missile deals %s extra damage on armor or hull hits. This damage is not reduced by armor.,25,,,,2059
Voltigeur ASM Tube,dcp_DME_ruptureasm_tube,3,,400,1200,,200,100,45,0,5,5,0.06,,KINETIC,,,0.25,3.0833,1,,,,,,,450,100,3.5,200,,,"STRIKE, USE_VS_FRIGATES, DIRECT_AIM, DO_NOT_AIM, DO_NOT_CONSERVE, GROUP_LINKED, SYSTEM","missile8, strike2",,Dassault-Mikoyan,,Anti Shield,Fast,Excellent,,,Deals %s extra %s damage on armor or hull hits.,50 | Energy,,,TRUE,2060
Tireur ATM Tube,dcp_DME_tireuratm_tube,3,,400,1200,,400,,75,10,5,5,0.06,,ENERGY,,,0.25,3.0833,1,,,,,,,450,250,9,400,,,"DO_NOT_AIM, DO_NOT_CONSERVE, SYSTEM","missile8, strike2",,Dassault-Mikoyan,,Pressure,Medium,Good,,,Energized warheads do %s extra %s damage on hits to armor or hull.,50-150 | High Explosive,,,TRUE,2061
Grad TBM-8,dcp_DME_TBM_launcher,3,,40000,4000,,800,,75,0,32,8,0.5,4,HIGH_EXPLOSIVE,,,,0.4,4,0.4,4,12,1,15,,300,150,32,250,,,"DO_NOT_AIM, STRIKE, DO_NOT_CONSERVE, SYSTEM","missile20, strike16",,Dassault-Mikoyan,,Long Range Support,Medium,Good,,,Submunitions deal an additional %s damage to armor. This damage is not reduced by armor.,100,,,TRUE,2062
Grad TBM-4,dcp_DME_TBM_smlauncher,3,,24000,4000,,800,,75,0,20,8,0.375,4,HIGH_EXPLOSIVE,,,,2.8,4,0.4,4,12,1,15,,300,150,32,250,,,"DO_NOT_AIM, STRIKE, DO_NOT_CONSERVE, SYSTEM","missile20, strike16",,Dassault-Mikoyan,,Long Range Support,Medium,Good,,,Submunitions deal an additional %s damage to armor. This damage is not reduced by armor.,100,,,TRUE,2063
TBM Submunition,dcp_DME_TBM_subForAI,3,,0,900,,200,,25,10,3,,,,HIGH_EXPLOSIVE,0,,,5,,,,,,,,750,,,5,,,SYSTEM,,,,,,,,,,,,,,,2064
,,,,,,,,,,,,,,,,,,,,,,,,,,,,,,,,,,,,,,,,,,,,,,,,
Dual Linear Autogun,dcp_DME_icaxgun,3,0.5,160,500,,30,,4,20,10,24,4,6,KINETIC,25,,,0.06,6,0.06,1,6,1,15,,1100,,,30,0.6,,SYSTEM,kinetic9,,Dassault-Mikoyan,,Anti Shield,,,,,,,,,,2065
Light Shockbeam,dcp_DME_tacbeamerftr,3,,250,500,180,,,3,30,5,,,,ENERGY,,240,,1.2,0.6,0.6,,,,,5400,,,,,,,SYSTEM,beam9,,Dassault-Mikoyan,,,,,,,,,,,,2066
Hybrid Scrambler,dcp_DME_magdisruptor,3,,2000,500,,5,100,0,90,7,,,,ENERGY,10,,,0.3,3,0.1,3,7,1,15,,1200,,,,0.3,,SYSTEM,energy8,,Dassault-Mikoyan,,,,,,,,,,,,2067
Compact Microlaser,dcp_DME_autolaser_smallftr,3,,300,500,,30,,0,60,4,,,,ENERGY,25,,0.1,0.4,1,,0,2,1,15,,1200,,,,0.3,,"PD, PD_ALSO, SYSTEM",energy5,,Dassault-Mikoyan,,General,,,,,,,,,,2068
Compact Autolaser,dcp_DME_autolaser_ftr,3,,1350,600,,50,,0,30,9,18,2,3,ENERGY,25,,0.1875,0,1,,0,4,1,12,,1200,,,,0.3,,"DO_NOT_CONSERVE, SYSTEM",energy11,,Dassault-Mikoyan,,,,,,,,,,,,2069
Aigrette Cockpit,dcp_DME_aigrette_cockpit,,,,,,,,,,,,,,,,,,,,,,,,,,,,,,,,SYSTEM,,,Dassault-Mikoyan,,,,,,,,,,,,2070
Aiguille SAM,dcp_DME_slapper_ftr,3,,250,750,,200,200,45,60,2,4,0.05,,FRAGMENTATION,0,,,2,1,,,,,,,550,100,3.5,200,,,"DO_NOT_AIM, ANTI_FTR, DO_NOT_CONSERVE, SYSTEM","utility7, missile0",,Dassault-Mikoyan,,Suppression,,,,,,,,,TRUE,2071
Itano AMM-3,dcp_DME_ammftr,3,,150,600,,50,,,0,2,9,0.15,3,HIGH_EXPLOSIVE,,,0.15,4.61,3,0.12,2,6,2,10,,350,75,5,35,,,"ANTI_FTR, DO_NOT_AIM, SYSTEM","utility8, missile0",,Dassault-Mikoyan,,Anti Small Craft (Area),,,,,Each missile deals %s extra damage on armor or hull hits. This damage is not reduced by armor.,25,,,,2072
Perforator Rockets,dcp_DME_perforator_ftr,3,,100,1000,,150,,5,0,2,5,,,HIGH_EXPLOSIVE,0,,,0.12,5,0.12,2,5,1,15,,800,15,2,40,,,"CONSERVE_1, STRIKE, SYSTEM","rocket13, strike8",,Dassault-Mikoyan,,,,,,,,,,,,2073
Voltigeur ASR Pack,dcp_DME_ruptureftr_tube,3,,400,1000,,100,,30,0,3,3,,,KINETIC,,,0.1,2.9,1,,,,,,,450,75,3,125,,,"STRIKE, USE_VS_FRIGATES, DIRECT_AIM, DO_NOT_AIM, DO_NOT_CONSERVE, GROUP_LINKED, SYSTEM","missile8, strike2",,Dassault-Mikoyan,,Anti Shield,,,,,,,,,,2074
,,,,,,,,,,,,,,,,,,,,,,,,,,,,,,,,,,,,,,,,,,,,,,,,
#Blade Breakers,,,,,,,,,,,,,,,,,,,,,,,,,,,,,,,,,,,,,,,,,,,,,,,,
Plasma Scatter PD,dcp_DME_thermalpd,1,0.5,1500,400,,50,,0,90,8,,,,ENERGY,40,,0.1,1.2467,5,0.08,3,10,2,15,,800,,,,0.3,,"PD, PD_ALSO","pd7, SR, rare_bp, bladebreakers",,Blade Breakers,,Point Defense,,,,,,,,,,2075
Plasma Bolter,dcp_DME_plasmadisruptor,2,0.5,6000,600,,120,,5,75,9,,,,ENERGY,160,,0.1,1.5,3,0.2,2,5,1,10,,1200,,,,,,,"energy13, rare_bp, bladebreakers",,Blade Breakers,,General,,,,,%s improve the chances of a hit on fast targets.,High velocity bolts,,,,2076
Smart-Plasmid Mortar,dcp_DME_thermalmortar,3,0.5,12500,1000,,250,,0,30,16,6,0.6,3,HIGH_EXPLOSIVE,300,,0.2,0.45,3,0.3,1,6,3,5,,300,,,,,,"STRIKE, USE_VS_FRIGATES, GROUP_ALTERNATING","energy18, LR, rare_bp, bladebreakers",,Blade Breakers,,Pressure,,,,,Guided %s projectiles track enemy ships to impact. Hits cause area explosions that do %s extra %s damage.,smart-plasmid | 150 | Energy,,,,2077
Heavy Plasma Bolter,dcp_DME_plasmadriver,3,0.5,40000,800,,400,,100,15,32,20,1.25,5,ENERGY,500,,0.1,1.1,5,0.2,1,3,2,5,,1200,,,,,,"STRIKE, USE_VS_FRIGATES","energy24, rare_bp, bladebreakers",,Blade Breakers,,Strike,,,,Spread Pattern,%s improve the chances of a hit on fast targets.,High velocity bolts,,,,2078
,,,,,,,,,,,,,,,,,,,,,,,,,,,,,,,,,,,,,,,,,,,,,,,,
Slicer Heavy MG,dcp_DME_bbheavymg,1,,1600,400,,40,,1,60,7,,,,KINETIC,24,,,0.52,5,0.12,1,7,1,12,,1500,,,50,,,"PD, PD_ALSO","kinetic9, SR, rare_bp, bladebreakers",,Blade Breakers,,Anti Shield,,,,,%s chance of %s damage %s explosions on hits to armor or hull.,15% | 50 | Energy,,,,2079
Shellback AC,dcp_DME_shellback,2,0.5,8000,800,,100,,10,40,10,,,,KINETIC,120,,0.1,0.5667,1,,1,4,1,10,,900,,,100,0.25,,,"kinetic15, rare_bp, bladebreakers",,Blade Breakers,,Anti Shield,,,,,Hits on hull or armor raise the target's soft flux by %s.,100,,,,2080
Electron Bolt Projector,dcp_DME_electrogun,3,0.5,18000,800,,400,2000,0,10,16,8,0.125,1,ENERGY,1000,,0.2,3.8,1,,2,6,2,5,,1600,,,1000,0.2,,"STRIKE, USE_VS_FRIGATES, GROUP_ALTERNATING, DO_NOT_CONSERVE","energy12, LR, rare_bp, bladebreakers",,Sigma Tech,,Suppression,,,,,"Hits on hull or armor %s, dealing extra damage and raising the target's hard flux by %s.",arc to weapons and engines | 400,,,,2081
Shell Hawk UAC,dcp_DME_shellhead,2,0.3,15000,1000,,400,,50,25,20,,,,KINETIC,600,,0.2,2.4667,1,,1,5,1,5,,750,,,200,0.15,,,"kinetic18, rare_bp, bladebreakers",,Blade Breakers,,Anti Shield,,,,,"Hits on hull or armor have a %s chance of %s damage %s explosions, and raise the target's soft flux by %s.",20% | 200 | Energy | 300-400,,,,2082
Shellshocker Magnacannon,dcp_DME_electronfan,3,0.3,30000,1200,,1000,1600,0,8,32,4,0.1,1,ENERGY,1800,,0.4,3.6,1,,2,8,2,5,,1200,,,1400,0.15,,"STRIKE, USE_VS_FRIGATES, GROUP_ALTERNATING, FIRE_WHEN_INEFFICIENT, DO_NOT_CONSERVE","energy24, rare_bp, bladebreakers",,Blade Breakers,,Suppression,,,,,"Hits on hull or armor %s, dealing extra damage and raising the target's hard flux by %s.",arc to weapons and engines | 600,,,,2083
,,,,,,,,,,,,,,,,,,,,,,,,,,,,,,,,,,,,,,,,,,,,,,,,
Jackal Burst Slicer,dcp_DME_jackal,1,0.5,10500,800,,150,,75,15,14,,,,HIGH_EXPLOSIVE,120,,0.1,1.8,5,0.15,6,9,2,10,,600,1000,6,1000,,,"STRIKE, USE_VS_FRIGATES, GROUP_LINKED","he14, rare_bp, bladebreakers",,Blade Breakers,,Anti Armor,Medium,None,,,"Heavy blades have a chance to %s, and can cause %s damage %s explosions on armor or hull hits.",ricochet on shields | 100 | Fragmentation,,,,2084
Jackal Ricochet,dcp_DME_jackal_sub,3,,0,200,,50,,0,0,0,,,,HIGH_EXPLOSIVE,0,,,5,,,,,,,,150,300,1.5,200,,,SYSTEM,,,,,,,,,,,,,,,2085
Degeneration Cycler,dcp_DME_pulseripper,2,0.5,15000,600,,125,,15,30,16,30,2,5,FRAGMENTATION,75,,0.125,0,1,,1,6,1,10,,900,,,,,,CONSERVE_FOR_ANTI_ARMOR,"he18, rare_bp, bladebreakers",,Blade Breakers,,Anti Armor,,,,,"Each shot deals an additional %s damage to armor over %s seconds, with one in every %s dealing %s damage to armor. This damage is not reduced by armor.",150 | 10 | 3-5 rounds | 250,,,,2086
Degen Cycler Large Bolt,dcp_DME_pulseripper_large,3,,0,600,,125,,15,30,8,,,,FRAGMENTATION,75,,0.125,0,1,,1,6,1,10,,900,,,,,,SYSTEM,,,Blade Breakers,,Anti Armor,,,,,,,,,,2087
Twinjack Heavy Slicer,dcp_DME_twinjack,2,0.3,30000,1000,,150,,75,10,28,,,,HIGH_EXPLOSIVE,120,,0.15,2.2,12,0.15,9,18,3,5,,600,1000,6,750,,,"STRIKE, USE_VS_FRIGATES, GROUP_LINKED","he20, rare_bp, bladebreakers",,Blade Breakers,,Anti Armor,Medium,None,,,"Heavy blades have a chance to %s, and can cause %s damage %s explosions on armor or hull hits.",ricochet on shields | 100 | Fragmentation,,,,2088
Twinjack Ricochet,dcp_DME_twinjack_sub,3,,0,200,,50,,0,0,0,,,,HIGH_EXPLOSIVE,0,,,5,,,,,,,,150,300,1.5,150,,,SYSTEM,,,,,,,,,,,,,,,2089
,,,,,,,,,,,,,,,,,,,,,,,,,,,,,,,,,,,,,,,,,,,,,,,,
#BB Built-in,,,,,,,,,,,,,,,,,,,,,,,,,,,,,,,,,,,,,,,,,,,,,,,,
UV Beamer,dcp_DME_impulsor,3,,0,400,53,,185.5,15,105,3,,,,FRAGMENTATION,,120,0.1,0.4,0.4,0.3,,,,,2400,,,,,,,"PD, PD_ONLY, IGNORES_FLARES, SYSTEM","pd4, beam4, rare_bp",,Blade Breakers,,Point Defense,,,,,,,,,,2090
Shatterlight Rocket Pack,dcp_DME_plasrockets,3,,0,1000,,120,200,75,45,3,5,,,ENERGY,,,,4.52,5,0.12,1,3,1,10,,600,25,12,125,0.3,,"STRIKE, USE_VS_FRIGATES, SYSTEM","rocket7, strike0, rare_bp",,Blade Breakers,,Suppression,,,,,,,,,,2091
Light Plasma Bolter,dcp_DME_plasmadisruptor_ftr,3,,0,500,,90,,5,45,9,,,,ENERGY,100,,,2,1,0,1,3,1,15,,1400,,,,0.3,,SYSTEM,"energy11, rare_bp",,Blade Breakers,,General,,,,,,,,,,2092
Lens DEM (Single),dcp_DME_lens_hdem_fighter,3,,0,1200,,1200,,30,30,2,1,,,ENERGY,300,,0.2,1.8,1,,,,,,,300,125,5,250,,,"STRIKE, SYSTEM","strike8, missile1, rare_bp",,Sigma Tech,,Strike,Medium,Good,,,Each submunition has a %s change to do %s extra %s damage on armor or hull hits.,50% | 200-400 | High Explosive,,,TRUE,2093
Sigma Hyperlance,dcp_DME_megastreamer,3,,0,1000,2000,,1200,0,4,25,,,,ENERGY,,3000,0.1,2,2,7.9,,,,,10000,,,,,,,"FIRE_WHEN_INEFFICIENT, SYSTEM","energy20, beam15, LR, rare_bp",,Sigma Tech,,Suppression,,,,,"Hits on hull or armor frequently %s, dealing extra %s and %s damage. Hits on shields have a chance to generate a shield-penetrating arc based on the target's hard flux level.",arc to weapons and engines | EMP | Energy,,,,2094
Sheller AC/2,dcp_DME_shellbackftr,3,,0,450,,40,,6,60,7,,,,KINETIC,24,,,0.333,,,2,7,1,20,,1000,,,60,,,SYSTEM,"kinetic10, rare_bp",,Blade Breakers,,General,,,,,%s chance of %s damage %s explosions on hits to armor or hull.,15% | 50 | Energy,,,,2095
Electron Beam,dcp_DME_drone_electronbeam,3,,0,1000,30,,400,0,10,12,,,,KINETIC,,200,0.1,0.1,,,,,,,3200,,,,,,,"FIRE_WHEN_INEFFICIENT, SYSTEM","beam14, LR, rare_bp",,Blade Breakers,,Suppression,,,,,"Hits on hull or armor periodically arc to weapons and engines, dealing extra EMP and energy damage. Hits on shields have a chance to generate a shield-penetrating arc based on the target's hard flux level.",,,,,2096
Heavy Plasma Scatter,dcp_DME_thermalheavy,3,,0,450,,50,,0,50,13,,,,ENERGY,40,,0.13,1.15,10,0.08,3,10,2,15,,800,,,,0.3,,"PD, PD_ALSO, IGNORES_FLARES, SYSTEM","pd11, SR, rare_bp",,Blade Breakers,,Point Defense,,,,,,,,,,2097
D-Mines,dcp_DME_proxbomb,3,,0,300,,200,,10,0,1,6,0.1,3,HIGH_EXPLOSIVE,0,,,1.6,3,0.2,,,,,,50,100,5,25,,,"DO_NOT_AIM, ANTI_FTR, SYSTEM","he0, rare_bp",,Blade Breakers,,Suppression,,,,,,,,,,2098
D-Mine Launcher,dcp_DME_proxbomb_ciws,3,,0,500,,200,,10,30,7,50,0.25,10,HIGH_EXPLOSIVE,0,,,4.2,5,0.2,0,3,1,15,,200,400,10,50,,,"DIRECT_AIM, BOMB, PD, IGNORES_FLARES, ANTI_FTR, DO_NOT_CONSERVE, SYSTEM","utility5, missile0, rare_bp",,Blade Breakers,,Pressure,Slow,None,,,,,,,,2099
Jackdaw SLRM Battery,dcp_DME_clusterlauncher_battery,3,,0,4000,,1500,,,0,40,,,,HIGH_EXPLOSIVE,,,0.5,23.3,3,0.6,,,,,,300,100,40,600,,,"DO_NOT_AIM, SYSTEM","missile16, strike12, rare_bp",,Blade Breakers,,Suppression,Slow,Good,,,,,,,,2100
,,,,,,,,,,,,,,,,,,,,,,,,,,,,,,,,,,,,,,,,,,,,,,,,
#Deserters,,,,,,,,,,,,,,,,,,,,,,,,,,,,,,,,,,,,,,,,,,,,,,,,
Cryophase Autogun,dcp_DME_matador,3,,900,450,,40,,1,120,6,32,4,4,FRAGMENTATION,10,,0.1,0.05,2,0.1,2,8,1,5,,900,,,45,0.2,,"PD, PD_ALSO, ANTI_FTR","pd10, SR, restricted, deserter_bp, bladewood_bp, no_dealer",,Deserter,,Point Defense,,,,,"Volatile particle packets raise target soft flux by %s on shield hits, and deal an additional %s damage to armor. This damage is not reduced by armor.",10 | 10,,,,2101
Cryobolt Cannon,dcp_DME_toreador,3,,1200,600,,100,,1,60,8,,,,FRAGMENTATION,50,,,0.5467,2,0.12,1,4,1,15,,1250,,,60,0.2,,,"energy8, restricted, deserter_bp, hist3t",,Deserter,,General,,,,,"Unstable particle packets raise target soft flux by %s on shield hits, and have a %s chance to do %s extra %s damage on hits to armor or hull.",25 | 20% | 150-200 | Energy,,,,2102
Cryoparticle Accelerator,dcp_DME_miniphaserail,3,,2000,700,,500,200,50,15,8,,,,FRAGMENTATION,250,,0.1,2.4,1,,0,2,1,10,,2000,,,200,0.2,,,"energy10, restricted, deserter_bp, no_dealer",,Deserter,,Strike,,,,,Unstable particle packets cause area explosions that do %s extra %s damage. Intense cryoflux distortions also lower the target's flux by %s on hull hits.,100 | Energy | 200,,,,2103
Cryophase Autocannon,dcp_DME_brigador,3,,2500,800,,200,,1,60,12,,,,FRAGMENTATION,60,,,1.24,4,0.12,1,4,1,15,,1350,,,135,0.1,,,"energy12, restricted, deserter_bp, no_dealer",,Deserter,,General,,,,,"Volatile particle packets raise target soft flux by %s on shield hits, and deal an additional %s damage to armor. This damage is not reduced by armor.",50 | 50,,,,2104
,,,,,,,,,,,,,,,,,,,,,,,,,,,,,,,,,,,,,,,,,,,,,,,,
Streak MIRV Rack,dcp_DME_fragtorp_rack,0,,200,1350,,900,,75,12,3,2,,,HIGH_EXPLOSIVE,0,,,1,1,,,,,,,300,75,8,250,,,"DO_NOT_AIM, STRIKE","strike5, missile1, restricted, deserter_bp, no_dealer",,Deserter,,Strike,Fast,Good,,,Unstable warheads deal an additional %s damage to armor. This damage is not reduced by armor.,100,,,TRUE,2105
Streak MIRV Tube,dcp_DME_fragtorp_tube,1,,500,1350,,900,,75,2,5,4,,,HIGH_EXPLOSIVE,0,,,4.8,1,,,,,,,300,75,8,250,,,"DO_NOT_AIM, STRIKE","strike7, missile2, restricted, deserter_bp, no_dealer",,Deserter,,Strike,Fast,Good,,,Unstable warheads deal an additional %s damage to armor. This damage is not reduced by armor.,100,,,TRUE,2106
Streak Missile Pod,dcp_DME_fragtorp_pod,2,,1350,1200,,300,,75,6,10,40,,,HIGH_EXPLOSIVE,0,,,12.1,8,0.2,1,8,1,10,,525,100,6,125,,,"DO_NOT_AIM, STRIKE","strike11, missile10, restricted, deserter_bp, no_dealer",,Deserter,,Strike,Fast,Good,,,Unstable warheads deal an additional %s damage to armor. This damage is not reduced by armor.,100,,,TRUE,2107
Calliope Missile System,dcp_DME_calliope,2,,4000,4000,,400,,100,2,8,120,0.2,20,FRAGMENTATION,0,,,12.3,10,0.3,2,12,1,15,,1050,100,12,125,,,"DO_NOT_AIM, MISSILE_SPREAD, DIRECT_AIM, CONSERVE_1","utility14, missile11, restricted, deserter_bp, no_dealer",,Deserter,,Long Range Support,Fast,Medium,,,Missiles enter a dumbfire terminal stage at %s from the target. Each missile does %s extra %s damage on hits to armor or hull.,1000 su | 50-100 | High Explosive,,,TRUE,2108
,,,,,,,,,,,,,,,,,,,,,,,,,,,,,,,,,,,,,,,,,,,,,,,,
Electron Torpedo (Single),dcp_DME_electronrocket,2,,800,1200,,1600,800,200,30,2,1,,,ENERGY,0,,,4,1,,,,,,,400,50,4,350,,,STRIKE,"strike4, missile2, restricted, bladebreakers, deserter_bp, hist3t",,Sigma Tech,,Torpedo,Fast,None,,,"Hits on hull or armor will arc to weapons and engines, dealing %s of the damage caused by the original hit.",25%,,,TRUE,2109
Electron Torpedo Rack,dcp_DME_electronrocket_rack,2,,1200,1200,,1600,800,200,30,4,2,,,ENERGY,0,,,4,1,,,,,,,400,50,4,350,,,STRIKE,"strike7, missile4, restricted, deserter_bp, no_dealer",,Sigma Tech,,Torpedo,Fast,None,,,"Hits on hull or armor will arc to weapons and engines, dealing %s of the damage caused by the original hit.",25%,,,TRUE,2110
Electron Torpedo Launcher,dcp_DME_electronrocket_pod,3,,5200,1200,,1600,800,200,20,10,8,,,ENERGY,0,,,15,1,,,,,,,400,75,4,350,,,STRIKE,"strike12, missile10, restricted, bladebreakers, deserter_bp, no_dealer",,Sigma Tech,,Torpedo,Fast,None,,,"Hits on hull or armor will arc to weapons and engines, dealing %s of the damage caused by the original hit.",25%,,,TRUE,2111
,,,,,,,,,,,,,,,,,,,,,,,,,,,,,,,,,,,,,,,,,,,,,,,,
#Deserter Built-in,,,,,,,,,,,,,,,,,,,,,,,,,,,,,,,,,,,,,,,,,,,,,,,,
Cryophase Autogun,dcp_DME_matador_ftr,3,,750,300,,40,,1,90,5,,,,FRAGMENTATION,10,,,0.1667,1,,1,7,1,5,,1000,,,45,0.2,,"PD, PD_ALSO, SYSTEM","pd10, SR",,Deserter,,Point Defense,,,,,"Volatile particle packets raise target soft flux by %s on shield hits, and deal an additional %s damage to armor. This damage is not reduced by armor.",10 | 10,,,,2112
Cryobolt Cycler,dcp_DME_matadorheavy,3,,1500,600,,100,,1,75,12,50,4,10,FRAGMENTATION,25,,,0.1,5,0.1,3,15,2,10,,900,,,45,0.6,,"ANTI_FTR, SYSTEM","energy15, SR",,Deserter,,General,,,,,"Unstable particle packets raise target soft flux by %s on shield hits, and have a %s chance to do %s extra %s damage on hits to armor or hull.",25 | 20% | 150-200 | Energy,,,,2113
Heavy Cryoparticle Accelerator,dcp_DME_phaserail,3,,12500,1000,,1600,400,150,10,20,,,,FRAGMENTATION,800,,0.3,3.7,1,,0,2,1,5,,2000,,,600,0.1,,SYSTEM,energy20,,Deserter,,Strike,,,,,Unstable particle packets cause large area explosions that do %s extra %s damage. Intense cryoflux distortions also lower the target's flux by %s on hull hits.,400 | Energy | 400,,,,2114
Light Electron Beam,dcp_DME_micro_electronbeam,3,,0,500,20,,100,0,10,7,,,,KINETIC,,40,0.1,0.1,,,,,,,2400,,,,,,,"FIRE_WHEN_INEFFICIENT, SYSTEM",beam8,,Deserter,,Suppression,,,,,"Hits on hull or armor periodically arc to weapons and engines, dealing extra EMP and energy damage. Hits on shields have a chance to generate a shield-penetrating arc based on the target's hard flux level.",,,,,2115
Twin Rail Accelerator,dcp_DME_3x4cmrailgun,3,,2500,600,,120,,15,25,10,,,,KINETIC,135,,0.2,1.18,2,0.12,1,3,2,10,,1500,,,135,0.6,,"STRIKE, USE_VS_FRIGATES, SYSTEM","kinetic10, SR",,Deserter,,Anti Shield,,,,,%s improve the chances of a hit on fast targets.,Hypervelocity projectiles,,,,2116
Small Cockpit Pod,dcp_DME_spooky_cockpit,,,,,,,,,,,,,,,,,,,,,,,,,,,,,,,,SYSTEM,,,,,,,,,,,,,,,2117
Streak Missile Pack,dcp_DME_fragtorp_ftr,3,,1000,1200,,300,,75,0,4,4,,,HIGH_EXPLOSIVE,0,,,0.84,4,0.12,1,4,1,10,,525,150,6,125,,,"STRIKE, USE_VS_FRIGATES, SYSTEM","strike8, missile8",,Deserter,,Strike,Fast,Good,,,Unstable warheads deal an additional %s damage to armor. This damage is not reduced by armor.,100,,,TRUE,2118
,,,,,,,,,,,,,,,,,,,,,,,,,,,,,,,,,,,,,,,,,,,,,,,,
Micro S-Phase Beam,dcp_DME_impulsor_proto,3,,400,250,270,,,,120,3,6,1.5,3,FRAGMENTATION,,90,,0.05,0.1,0.05,,,,,10000,,,,,,,"PD, PD_ONLY, IGNORES_FLARES, SYSTEM","pd4, beam4",,Sigma Tech,,Point Defense,,,,,Dedicated anti-missile targeting AI ignores fighters and other ships.,,,,,2119
S-Phase Multibeam Emitter,dcp_DME_impulsor_ring,3,,1000,600,400,,,,120,25,4,0.25,,FRAGMENTATION,,150,0.1,0.1,0.3,0.1,,,,,10000,,,,,,,"PD, PD_ONLY, IGNORES_FLARES, SYSTEM","pd7, beam7",,Sigma Tech,,Point Defense,,,,,Dedicated anti-missile targeting AI ignores fighters and other ships.,,,,,2120
Sigma E-Shell Barrage,dcp_DME_energymortar,3,,4500,1200,,200,200,0,30,15,10,1,5,ENERGY,200,,0.25,0,5,0.25,2,8,3,5,,450,,,1000,,,"STRIKE, USE_VS_FRIGATES, GROUP_ALTERNATING, SYSTEM","energy20, LR",,Sigma Tech,,Pressure,,,,,E-shell impacts do %s extra %s damage on hits to armor or hull.,50-100 | High Explosive,,,,2121
,,,,,,,,,,,,,,,,,,,,,,,,,,,,,,,,,,,,,,,,,,,,,,,,
#Sigma Tech,,,,,,,,,,,,,,,,,,,,,,,,,,,,,,,,,,,,,,,,,,,,,,,,
Sigma Zone Defense,dcp_DME_dronepd,3,,400,400,135,,,0,60,4,,,,FRAGMENTATION,,40,0.05,0.15,,,,,,,3200,,,,,,,"PD, PD_ONLY, IGNORES_FLARES","pd7, beam7, sigmatech_bp, restricted, no_dealer",,Sigma Tech,,Point Defense,,,,,Dedicated anti-missile targeting AI ignores fighters and other ships.,,,,,2122
S-Mine Discharger,dcp_DME_proxbomb_rack,1,,500,800,,200,400,10,30,4,30,0.25,5,ENERGY,50,,,4.2,5,0.2,1,6,1,10,,200,400,8,25,0.3,,"BOMB, ANTI_FTR, FIRE_WHEN_INEFFICIENT, PD, PD_ALSO, CONSERVE_1","utility5, missile0, sigmatech_bp, restricted, bladebreakers, no_dealer",,Sigma Tech,,Suppression,Slow,None,,Spread Pattern,,,,,,2122
Sigma Stingbeam,dcp_DME_plasbeamer,2,,2000,500,120,,200,0,45,8,,,,KINETIC,,257,0.15,1.8,0.9,0.15,,,,,4000,,,,,,,ANTI_FTR,"energy9, beam9, sigmatech_bp, restricted, no_dealer",,Sigma Tech,,Anti Small Craft,,,,,Hits on hull or armor %s. Hits on shields have a chance to generate a %s based on the target's hard flux level.,arc to weapons and engines | shield-penetrating arc,,,,2123
Sigma Phase Blaster,dcp_DME_phaseblaster,3,,5000,600,,200,,25,30,13,,,,ENERGY,240,,0.2,0.4667,1,,1,3,1,10,,1350,,,200,,,,"energy13, sigmatech_bp, restricted, no_dealer",,Sigma Tech,,General,,,,,Heavy particle bolts do %s extra %s damage on hits to armor or hull.,75-125 | Fragmentation,,,,2124
Sigma Buster Cannon,dcp_DME_phasedbuster_launcher,3,,17500,1000,,400,,50,18,32,8,0.375,4,ENERGY,500,,0.3,2.9,1,,,,,,,1200,200,5,500,0.5,,"STRIKE, USE_VS_FRIGATES","energy21, sigmatech_bp, restricted, no_dealer",,Sigma Tech,,Strike,,,,,Semi-guided strangelets do %s extra %s damage on hits to armor or hull.,100-200 | High Explosive,,,,2125
,,,,,,,,,,,,,,,,,,,,,,,,,,,,,,,,,,,,,,,,,,,,,,,,
Lens DEM (Double),dcp_DME_lens_hdem_single,2,,750,1200,,1200,,30,30,3,2,,,ENERGY,300,,0.2,9.8,1,,,,,,,300,125,5,250,,,"STRIKE, USE_VS_FRIGATES","strike8, missile1, sigmatech_bp, restricted, bladebreakers, no_dealer",,Sigma Tech,,Strike,Medium,Good,,,Each submunition has a %s change to do %s extra %s damage on armor or hull hits.,50% | 200-400 | High Explosive,,,TRUE,2126
Lens DEM Rack,dcp_DME_lens_hdem_rack,3,,2000,1200,,1200,,30,30,5,3,,,ENERGY,300,,0.2,1.8,1,,,,,,,300,125,5,250,,,"STRIKE, USE_VS_FRIGATES","strike10, missile2, restricted, bladebreakers, no_dealer",,Sigma Tech,,Strike,Medium,Good,,,Each submunition has a %s change to do %s extra %s damage on armor or hull hits.,50% | 200-400 | High Explosive,,,TRUE,2127
Shatterlight Rocket Pod,dcp_DME_plasrocket_pod,2,,10000,1500,,120,200,75,15,14,150,,,ENERGY,,,,5.19,10,0.09,1,3,1,10,,750,50,12,125,0.3,,"STRIKE, USE_VS_FRIGATES","rocket12, strike0, restricted, bladebreakers, no_dealer",,Sigma Tech,,Strike,Medium,None,,Spread Pattern,"Hits on hull or armor have a %s chance to arc to weapons and engines, dealing extra damage equal to the original hit.",60%,,,TRUE,2128
,,,,,,,,,,,,,,,,,,,,,,,,,,,,,,,,,,,,,,,,,,,,,,,,
#Brave Blade Built-in,,,,,,,,,,,,,,,,,,,,,,,,,,,,,,,,,,,,,,,,,,,,,,,,
Sigma Pulser,dcp_DME_bravepulse,3,,24000,600,,90,,1,60,10,24,3.3333,4,ENERGY,60,,0.15,0,1,,,,,,,1200,,,75,,,SYSTEM,energy10,dcp_DME_BRAVE_only,Sigma Tech,,General,,,,,,,,,,2129
Sigma Buster Launcher,dcp_DME_bravemissile,3,,96000,1500,,200,,50,10,16,16,0.5,8,ENERGY,200,,0.3,6.1,1,,,,,,,450,225,7.5,300,,,"ANTI_FTR, MISSILE_SPREAD, DO_NOT_AIM, DO_NOT_CONSERVE, SYSTEM","utility14, missile10",,Sigma Tech,,Anti Small Craft,Fast,Excellent,,,Guided strangelets do %s extra %s damage on hits to armor or hull.,50-100 | HIgh Explosive,,,,2130
Sigma Multibeam,dcp_DME_braveimpulsor,3,,8000,250,500,,,,120,3,3,0.5,,FRAGMENTATION,,120,0.05,0.05,0.3,0.05,,,,,10000,,,,,,,"PD, IGNORES_FLARES, SYSTEM","pd4, beam4",,Sigma Tech,,Point Defense,,,,,,,,,,2131
Electron Bolter,dcp_DME_braveion,3,,2000,450,,30,100,0,90,8,,,,ENERGY,30,,0.3,0,1,,0,3,1,15,,1100,,,,,,SYSTEM,energy8,,,,,,,,,,,,,,2132
,,,,,,,,,,,,,,,,,,,,,,,,,,,,,,,,,,,,,,,,,,,,,,,,
#Alauda Built-in,,,,,,,,,,,,,,,,,,,,,,,,,,,,,,,,,,,,,,,,,,,,,,,,
Heavy Autolaser,dcp_DME_alaudapulse,3,,24000,700,,75,,1,60,10,24,4,3,ENERGY,50,,0.1,0.025,1,,,,,,,1450,,,75,,,SYSTEM,energy10,dcp_DME_ALAUDA_only,SNRI Labs,,General,,,,,,,,,,2133
Tireur ATM System,dcp_DME_alaudamissile,3,,96000,1200,,400,,75,10,16,12,0.5,6,ENERGY,200,,0.4,4.8,3,0.4,,,,,,450,250,9,400,,,"DO_NOT_AIM, DO_NOT_CONSERVE, SYSTEM","utility14, missile10",,SNRI Labs,,Pressure,Medium,Good,,,Energized warheads do %s extra %s damage on hits to armor or hull.,50-150 | High Explosive,,,,2134
,,,,,,,,,,,,,,,,,,,,,,,,,,,,,,,,,,,,,,,,,,,,,,,,
#Export,,,,,,,,,,,,,,,,,,,,,,,,,,,,,,,,,,,,,,,,,,,,,,,,
Pulsed PD Laser,dcp_DME_impaler,3,0.5,300,500,106,,,0,90,5,,,,ENERGY,,72,0.1,0.4,0.4,0.3,,,,,3600,,,,,,,"PD, PD_ALSO","pd7, beam7, dmerefit_bp, revolutionary",,DME Export,,Point Defense,,,,,,,,,,2135
Blaze Gun,dcp_DME_blazegun,2,0.2,500,500,,60,,0,50,5,,,,HIGH_EXPLOSIVE,45,,0.1,0.4,1,,0,3,1,15,,1000,,,0,,,,"energy8, dmerefit_bp, revolutionary, hist1t",,DME Export,,,,,,,,,,,,2136
Blaze Repeater,dcp_DME_blazedriver,3,0.1,2000,600,,40,,0,75,10,,,,HIGH_EXPLOSIVE,30,,0.1,0.4,6,0.1,1,5,1,20,,1200,,,0,,,,"energy11, rare_bp, revolutionary, hist2t",,DME Export,,,,,,,,,,,,2137
,,,,,,,,,,,,,,,,,,,,,,,,,,,,,,,,,,,,,,,,,,,,,,,,
Small Pulsed Laser,dcp_DME_impaler_rapid,1,,450,600,225.7,,,0,20,4,,,,ENERGY,,239,0.1,0.4,0.4,0.3,,,,,4200,,,,,,,ANTI_FTR,"beam9, dmeenergy_bp, revolutionary",,DME Export,,General,,,,,,,,,,2138
Medium Pulsed Laser,dcp_DME_heavylrpd,2,,1200,800,300,,,0,10,9,,,,ENERGY,,428.5,0.15,1.8,0.9,0.15,,,,,4800,,,,,,,,"energy13, beam10, dmeenergy_bp, revolutionary",,DME Export,,General,,,,,,,,,,2139
,,,,,,,,,,,,,,,,,,,,,,,,,,,,,,,,,,,,,,,,,,,,,,,,
#Refit Built-in,,,,,,,,,,,,,,,,,,,,,,,,,,,,,,,,,,,,,,,,,,,,,,,,
Barker Attack Gun,dcp_DME_barker,0,,300,600,,50,,3,25,3,,,,HIGH_EXPLOSIVE,60,,,0.95,3,0.15,3,9,2,15,,1000,,,45,,,SYSTEM,he5,,,,,,,,,,,,,,2140
Buzzgun MG,dcp_DME_buzzgun,3,,125,300,,30,,1,105,2,,,,FRAGMENTATION,1,,,0.12,3,0.12,2,10,1.5,10,,1000,,,0,,,"PD, SYSTEM","pd5, SR",,Dassault-Mikoyan,,Point Defense,,,,,,,,,,2141
Energy Torpedo,dcp_DME_energymissile,3,,100,1000,,750,,15,30,1,1,,,ENERGY,0,,,1,1,,,,,,,180,80,8,300,,,"GUIDED_POOR, EXTRA_RANGE_ON_FIGHTER, SYSTEM","missile6, strike0",,,,,,,,,,,,,,2142
,,,,,,,,,,,,,,,,,,,,,,,,,,,,,,,,,,,,,,,,,,,,,,,,
#Shotgun Projectiles,,,,,,,,,,,,,,,,,,,,,,,,,,,,,,,,,,,,,,,,,,,,,,,,
Flak Buckshot,dcp_DME_linearflakshot_clone,3,,0,600,,60,,3,10,3,,,,FRAGMENTATION,0,,,5,,,,,,,,900,,,5,,,SYSTEM,,,,,,,,,,,,,,,2143
Snub Hybrid Core,dcp_DME_omniblaster_core,3,,0,400,,750,400,0,40,9,,,,ENERGY,0,,,10,,,,,,,,950,,,4000,,,SYSTEM,,,,,,,,,,,,,,,2144
Snub Hybrid Sub,dcp_DME_omniblaster_sub,3,,0,400,,125,50,0,40,9,,,,ENERGY,0,,,10,,,,,,,,950,,,4000,,,SYSTEM,,,,,,,,,,,,,,,2145
Scatterlaser Core,dcp_DME_scatterlaser_core,3,,0,700,,300,,0,16,5,,,,ENERGY,0,,,1,,,,,,,,1150,,,,,,SYSTEM,,,,,,,,,,,,,,,2146
Scatterlaser Sub,dcp_DME_scatterlaser_sub,3,,0,700,,75,,0,16,5,,,,ENERGY,0,,,1,,,,,,,,1250,,,,,,SYSTEM,,,,,,,,,,,,,,,2147
Scatterlaser Submicro,dcp_DME_scatterlaser_submicro,3,,0,700,,50,,0,16,5,,,,ENERGY,0,,,1,,,,,,,,1200,,,,,,SYSTEM,,,,,,,,,,,,,,,2148
,,,,,,,,,,,,,,,,,,,,,,,,,,,,,,,,,,,,,,,,,,,,,,,,
#Decorative/Systems,,,,,,,,,,,,,,,,,,,,,,,,,,,,,,,,,,,,,,,,,,,,,,,,
Sensor Array,dcp_DME_sensorarray,,,,,,,,,,,,,,,,,,,,,,,,,,,,,,,,SYSTEM,,,,,,,,,,,,,,,2149
Blinker A (blue),dcp_DME_blinkerA_blue,,,,,,,,,,,,,,,,,,,,,,,,,,,,,,,,SYSTEM,,,,,,,,,,,,,,,2150
Blinker B (blue),dcp_DME_blinkerB_blue,,,,,,,,,,,,,,,,,,,,,,,,,,,,,,,,SYSTEM,,,,,,,,,,,,,,,2151
Blinker C (green),dcp_DME_blinkerC_green,,,,,,,,,,,,,,,,,,,,,,,,,,,,,,,,SYSTEM,,,,,,,,,,,,,,,2152
BB Engine MED,dcp_DME_bbengine1,,,,,,,,,,,,,,,,,,,,,,,,,,,,,,,,SYSTEM,,,,,,,,,,,,,,,2153
BB Engine LG,dcp_DME_bbengine2,,,,,,,,,,,,,,,,,,,,,,,,,,,,,,,,SYSTEM,,,,,,,,,,,,,,,2154
Deco Vent Small,dcp_DME_bbdecovent_sm,,,,,,,,,,,,,,,,,,,,,,,,,,,,,,,,SYSTEM,,,,,,,,,,,,,,,2155
Deco Vent Large,dcp_DME_bbdecovent_lg,,,,,,,,,,,,,,,,,,,,,,,,,,,,,,,,SYSTEM,,,,,,,,,,,,,,,2156
,,,,,,,,,,,,,,,,,,,,,,,,,,,,,,,,,,,,,,,,,,,,,,,,
Smart Flares Main,dcp_DME_flarelauncher_main,,,,500,,15,300,,,,,0,,ENERGY,0,0,,0.15,3,0.15,75,75,1,10,,400,200,7.5,1,,,SYSTEM,,,,,,,,,,,,,,,2157
Smart Flares M Fighter,dcp_DME_flarelauncher_fighter,,,,250,,15,300,,,,,0,,ENERGY,0,0,,0.2,1,,75,75,1,10,,400,200,6,1,,,SYSTEM,,,,,,,,,,,,,,,2158
Decoy Flares Main,dcp_DME_flarelauncher_low_main,,,,500,,10,120,,,,,0,,ENERGY,0,0,,0.1,10,0.1,50,60,1,10,,135,350,3,1,,,SYSTEM,,,,,,,,,,,,,,,2159
Decoy Flares M Fighter,dcp_DME_flarelauncher_low_fighter,,,,250,,10,120,,,,,0,,ENERGY,0,0,,0.15,5,0.15,50,60,1,10,,135,350,2,1,,,SYSTEM,,,,,,,,,,,,,,,2160
Energy Minelayer,dcp_DME_minelayer,0,,200000,1000,,750,1000,25,30,12,30,,,ENERGY,0,,,2.9,2,0.1,,,,,,50,50,20,500,,,SYSTEM,,,,,,,,,,,,,,,2161
Sigma Minelayer,dcp_DME_sigma_minelayer,0,,200000,750,,500,,25,30,12,30,,,HIGH_EXPLOSIVE,0,,,2.9,2,0.1,,,,,,50,50,15,325,,,SYSTEM,,,,,,,,,,,,,,,2162
Plasma Decoys,dcp_DME_BBflarelauncher,,,,200,,10,0,,,,,0,,ENERGY,0,0,,0.15,2,0.3,30,30,0,0,,200,100,8,400,,,SYSTEM,,,,,,,,,,,,,,,2163
S-Phase Decoys,dcp_DME_BBDflare,,,,200,,10,0,,,,,0,,ENERGY,0,0,,0.14,3,0.2,30,30,0,0,,200,100,7,300,,,SYSTEM,,,,,,,,,,,,,,,2164
,,,,,,,,,,,,,,,,,,,,,,,,,,,,,,,,,,,,,,,,,,,,,,,,2165
#Scrapheap,,,,,,,,,,,,,,,,,,,,,,,,,,,,,,,,,,,,,,,,,,,,,,,,2166
TBM Core,dcp_DME_TBM_HEcore,3,,0,900,,300,,3,10,3,,,,HIGH_EXPLOSIVE,0,,,5,,,,,,,,700,,,5,,,SYSTEM,,,,,,,,,,,,,,,2167
TBM Buckshot,dcp_DME_TBM_fragcloud,3,,0,50,,50,,3,10,3,,,,FRAGMENTATION,0,,,5,,,,,,,,700,,,5,,,SYSTEM,,,,,,,,,,,,,,,2168
Jongleur ESAD (Single),dcp_DME_marteau_esm_single,3,,150,1000,,325,,15,30,1,1,,,HIGH_EXPLOSIVE,0,,,5,1,,,,,,,500,200,6,180,,,"DO_NOT_AIM, STRIKE, USE_VS_FRIGATES, SYSTEM","missile5, strike2",,Dassault-Mikoyan,,Pressure,Medium,Good,,,,,,,TRUE,2169
AMM Blister Pod,dcp_DME_AMMblisterlauncher,3,,2400,1000,,900,,,10,10,32,,,HIGH_EXPLOSIVE,,,,8,1,,,,,,,225,50,5,250,,,"DO_NOT_AIM, MISSILE_SPREAD, CONSERVE_1, SYSTEM","utility13, missile7",,Dassault-Mikoyan,,Anti Small Craft,Fast,Excellent,,,%s extra damage on armor or hull hits.,0-25,,,,2170
Hyper Grav Burst,dcp_DME_bravekinetic,3,,0,600,,1000,400,400,15,22,2,0.1,1,KINETIC,1250,,0.15,4.85,1,,,,,,,2000,,,1000,,,"STRIKE, GROUP_LINKED, SYSTEM",kinetic20,,Deserter,,Anti Shield,Very Fast,,,,,,,,,2171
Plasma Barrage,dcp_DME_plasmamortar,3,,0,1000,,120,200,0,30,20,60,0.6,15,ENERGY,150,,0.16,2.2,5,0.16,1,6,3,5,,450,,,,,,"STRIKE, USE_VS_FRIGATES, GROUP_ALTERNATING, SYSTEM","energy20, LR",,Deserter,,Pressure,,,,,,,,,,2172
Plasma Vulcan,dcp_DME_plasvulcan,3,,0,350,,35,,1,180,5,,,,HIGH_EXPLOSIVE,15,,0.15,0.15,5,0.05,5,15,1,20,,1200,,,,0.6,,"PD, PD_ALSO, SYSTEM","pd2, SR",,Blade Breakers,,Suppression,,,,,,,,,,2173
Smart-Plasmid Sub,dcp_DME_thermalmortar_sub,3,,0,1000,,300,,0,30,16,,,,HIGH_EXPLOSIVE,300,,,0.9,1,,1,6,3,5,,350,,,,,,SYSTEM,,,,,,,,,,,,,,,2174
,,,,,,,,,,,,,,,,,,,,,,,,,,,,,,,,,,,,,,,,,,,,,,,,
,,,,,,,,,,,,,,,,,,,,,,,,,,,,,,,,,,,,,,,,,,,,,,,,
,,,,,,,,,,,,,,,,,,,,,,,,,,,,,,,,,,,,,,,,,,,,,,,,
#MAGELLAN,,,,,,,,,,,,,,,,,,,,,,,,,,,,,,,,,,,,,,,,,,,,,,,,
#Kinetic,,,,,,,,,,,,,,,,,,,,,,,,,,,,,,,,,,,,,,,,,,,,,,,,
ER Light Autogun,dcp_magellan_sniperautogun,0,0.3,250,800,,30,,5,25,3,,,,KINETIC,30,,,0.4,1,,1,5,2,7,,900,,,30,,,,"kinetic4, dcp_magellan, dcp_magellan_adv_bp",,dcp_magellan,,Fire Support,,,,,,,,,,2175
Quad Autogun,dcp_magellan_smgatling,0,,400,600,,40,,5,45,5,,,,KINETIC,35,,,0.25,4,0.25,1,9,2,15,,1000,,,30,,,,"kinetic6, dcp_magellan, dcp_magellan_core_bp",,dcp_magellan,,Anti Shield,,,,,,,,,,2176
Cluster Autocannon,dcp_magellan_medgatling,1,,1200,1000,,300,,10,25,10,,,,KINETIC,300,,,2.4,1,,1,5,1,15,,900,,,100,,,,"kinetic11, dcp_magellan, dcp_magellan_core_bp",,dcp_magellan,,Anti Shield,,,,Spread Pattern,Fires a tight cluster of between nine and twelve %s damage kinetic fragments.,30,,,,2177
Auto Shotgun Sub,dcp_magellan_autoshotgun_sub,3,,0,275,,30,,5,0,0,,,,KINETIC,300,,,1,,,,,,,,300,,,,,,SYSTEM,,,,,,,,,,,,,,,2178
Mag Driver,dcp_magellan_solenoidgun,3,0.5,900,800,,200,,10,20,9,,,,KINETIC,240,,,2,1,,1,4,1,10,,750,,,180,,,,"kinetic8, dcp_magellan, rare_bp, dcp_magellan_blackcollar, dcp_magellan_startiger, hist2t",,dcp_magellan,,Fire Support,,,,,Hits to armor or hull have a %s chance of spalling internally for %s extra %s damage.,25% | 50-100 | Fragmentation,,,,2179
Solenoid Quench Gun,dcp_magellan_quenchgun,2,0.5,2000,800,,300,,20,15,12,,,,KINETIC,360,,,2,1,,1,4,1,15,,1500,,,300,,,,"kinetic14, dcp_magellan, dcp_magellan_adv_bp, dcp_magellan_blackcollar, hist3t",,dcp_magellan,,Anti Shield,,,,,Hypervelocity projectiles improve the chances of a hit on fast or distant targets. Hits to armor or hull have a %s chance of spalling internally for %s extra %s damage.,25% | 150-200 | Fragmentation,,,,2180
Mag Driver Battery,dcp_magellan_solenoidbattery,3,0.7,6800,1000,,300,,30,12,24,,,,KINETIC,400,,,1.85,3,0.2,1,4,1,7,,700,,,400,,,RESET_BARREL_INDEX_ON_BURST,"kinetic18, dcp_magellan, rare_bp, dcp_magellan_startiger",,dcp_magellan,,Fire Support,,,,,Hits to armor or hull have a %s chance of spalling internally for %s extra %s damage.,25% | 150-200 | Fragmentation,,,,2181
Solenoid Quench Cannon,dcp_magellan_quenchcannon,3,,10800,1000,,900,,50,15,28,,,,KINETIC,1200,,,3,1,,0,2,1,10,,2000,,,900,,,SYSTEM,"kinetic24, no_sell",,dcp_magellan,,General,,,,,Hypervelocity projectiles improve the chances of a hit on fast or distant targets. Hits to armor or hull have a %s chance of spalling internally for %s extra %s damage.,25% | 300-450 | Fragmentation,,,,2182
,,,,,,,,,,,,,,,,,,,,,,,,,,,,,,,,,,,,,,,,,,,,,,,,
#Frag,,,,,,,,,,,,,,,,,,,,,,,,,,,,,,,,,,,,,,,,,,,,,,,,
Bonesaw Cannon,dcp_magellan_bonesaw,0,,300,600,,200,,0,75,5,,,,FRAGMENTATION,50,,,0.5,1,,0,3,1,15,,900,,,50,,,,"he6, dcp_magellan, dcp_magellan_core_bp, dcp_magellan_theherd",,dcp_magellan,,General,,,,,,,,,,2183
Bonecracker Riot Gun,dcp_magellan_bonecracker,1,0.5,900,450,,225,,0,30,6,4,0.6667,1,FRAGMENTATION,75,,,0.75,1,,1,5,1,5,,650,,,100,,,"PD, PD_ALSO","he9, dcp_magellan, dcp_magellan_adv_bp",,dcp_magellan,,Point Defense,,,,Spread Pattern,Fires a single %s damage %s core and six %s damage %s submunitions.,75 | High Explosive | 25 | Fragmentation,,,,2184
Bonecracker Core,dcp_magellan_bonecracker_core,3,,0,450,,75,,0,30,0,,,,HIGH_EXPLOSIVE,40,,,1,,,,,,,,650,,,60,,,SYSTEM,,,,,,,,,,,,,,,2185
Bonecracker Sub,dcp_magellan_bonecracker_sub,3,,0,450,,25,,0,30,0,,,,FRAGMENTATION,5,,,1,,,,,,,,650,,,20,,,SYSTEM,,,,,,,,,,,,,,,2186
Boneshaker Cannon,dcp_magellan_boneshaker,1,,1200,700,,400,,0,50,10,,,,FRAGMENTATION,100,,,0.75,2,0.25,0,5,1,15,,700,,,100,,,,"he10, dcp_magellan, dcp_magellan_adv_bp",,dcp_magellan,,General,,,,,,,,,,2187
Boneshaker Battery,dcp_magellan_boneshakerbattery,3,0.5,1600,700,,300,,0,40,12,,,,FRAGMENTATION,75,,,0.825,3,0.15,1,4,1,10,,800,,,75,,,,"he12, dcp_magellan, dcp_magellan_startiger, dcp_magellan_yellowtail, no_sell, restricted",,dcp_magellan,,General,,,,,,,,,,2188
Bonecrusher Cannon,dcp_magellan_bonecrusher,2,0.5,3200,800,,800,200,0,12,12,,,,FRAGMENTATION,200,,0.1,0.9,1,,2,8,1,10,,800,,,100,,,,"he13, dcp_magellan, dcp_magellan_antique, dcp_magellan_blackcollar, rare_bp, hist2t",,Antique,,Anti Armor,,,,,"Hits on hull or armor have a %s chance to arc to weapons and engines, dealing %s extra %s damage.",20% | 100 | Energy,,,,2189
Bonecrusher Battery,dcp_magellan_largebonecrusher,2,,7200,900,,800,200,0,8,20,,,,FRAGMENTATION,200,,0.1,1.0333,2,0.2,1,6,1,10,,800,,,100,,,,"he18, dcp_magellan, dcp_magellan_antique, dcp_magellan_blackcollar, rare_bp, hist3t",,Antique,,Anti Armor,,,,,"Hits on hull or armor have a %s chance to arc to weapons and engines, dealing %s extra %s damage.",20% | 100 | Energy,,,,2190
,,,,,,,,,,,,,,,,,,,,,,,,,,,,,,,,,,,,,,,,,,,,,,,,
#High Explosive,,,,,,,,,,,,,,,,,,,,,,,,,,,,,,,,,,,,,,,,,,,,,,,,
Salvo Assault Gun,dcp_magellan_salvoag,1,,600,700,,50,,25,25,4,,,,HIGH_EXPLOSIVE,50,,,1.2,3,0.15,5,15,2,5,,600,,,60,,,RESET_BARREL_INDEX_ON_BURST,"he5, dcp_magellan_core_bp, dcp_magellan_startiger",,dcp_magellan,,General,,,,,,,,,,2191
Revolver Cannon,dcp_magellan_revgrenade,1,0.7,1000,550,,100,,50,45,6,6,1,3,HIGH_EXPLOSIVE,100,,,0.3333,1,,3,9,3,10,,850,1000,20,200,,,,"he7, dcp_magellan_adv_bp, dcp_magellan_blackcollar",,dcp_magellan,,Anti Armor,,,,,,,,,,2192
Beehive Cannon,dcp_magellan_beehive,0,0.5,1400,800,,400,,25,18,10,,,,HIGH_EXPLOSIVE,400,,,2.5,1,,1,7,1,10,,900,,,300,,,,"he12, dcp_magellan_core_bp",,dcp_magellan,,Strike,,,,Spread Pattern,Special pre-fragmented ammunition splits into a %s damage core projectile along with five %s damage submunitions.,150 | 50,,,,2193
Beehive Core,dcp_magellan_beehive_core,3,,0,850,,150,,50,18,0,,,,HIGH_EXPLOSIVE,150,,,1,,,,,,,,900,,,,,,SYSTEM,,,,,,,,,,,,,,,2194
Beehive Sub,dcp_magellan_beehive_sub,3,,0,850,,50,,25,18,0,,,,HIGH_EXPLOSIVE,50,,,1,,,,,,,,900,,,,,,SYSTEM,,,,,,,,,,,,,,,2195
Burstmaster Cannon,dcp_magellan_burstmaster,1,0.3,1800,1000,,250,,75,9,13,5,0.4,2,HIGH_EXPLOSIVE,250,,,1.25,1,,1,7,2,10,,1050,,,250,,,DO_NOT_CONSERVE,"he14, LR, dcp_magellan_adv_bp, dcp_magellan_blackcollar",,dcp_magellan,,Strike,,,,,,,,,,2196
Blast Hammer Artillery,dcp_magellan_largemortar,2,,4000,1000,,1000,,100,7,20,,,,HIGH_EXPLOSIVE,1250,,0.2,4.8,1,,2,10,2,8,,500,700,30,1600,0.3,,"BOMB, DO_NOT_CONSERVE","he20, LR, dcp_magellan, dcp_magellan_startiger, rare_bp",,dcp_magellan,,Fire Support,,,,,Projectile is %s by point defense.,vulnerable to interception,,,,2197
,,,,,,,,,,,,,,,,,,,,,,,,,,,,,,,,,,,,,,,,,,,,,,,,
#PD,,,,,,,,,,,,,,,,,,,,,,,,,,,,,,,,,,,,,,,,,,,,,,,,
Light Flenser CIWS,dcp_magellan_smciws,0,,300,350,,20,,1,120,4,,,,HIGH_EXPLOSIVE,10,,,1.05,20,0.05,1,6,1,10,,1350,,,10,,,PD,"pd7, SR, dcp_magellan, dcp_magellan_core_bp",,dcp_magellan,,Point Defense,,,,,One in four rounds is a tracer. %s of the shots reach %s of the maximum range and %s of the shots reach full range.,100% | 50% | 50%,,,,2198
LFlenser Tracers,dcp_magellan_flenser_tracer,3,,0,375,,20,,1,120,1,,,,ENERGY,10,,,1,1,,0,0,0,0,,1350,,,10,,,SYSTEM,,,,,,,,,,,,,,,2199
Heavy Flenser CIWS,dcp_magellan_medciws,1,,1200,450,,50,,1,60,10,,,,HIGH_EXPLOSIVE,25,,,1.17,20,0.07,2,8,1,10,,1200,,,10,,,"PD, PD_ALSO","pd11, SR, dcp_magellan, dcp_magellan_core_bp, dcp_magellan_blackcollar",,dcp_magellan,,Point Defense,,,,,One in four rounds is a tracer. %s of the shots reach %s of the maximum range and %s of the shots reach full range.,100% | 50% | 50%,,,,2200
HFlenser Tracers,dcp_magellan_grinder_tracer,3,,0,475,,50,,1,60,1,,,,ENERGY,25,,,1,1,,0,0,0,0,,1200,,,10,,,SYSTEM,,,,,,,,,,,,,,,2201
PD Maser,dcp_magellan_smpdmaser,1,,750,400,300,,,0,120,6,,,,FRAGMENTATION,,100,,0.3,0.3,0.3,,,,,10000,,,,,,,"PD, PD_ONLY","pd9, beam6, dcp_magellan, dcp_magellan_adv_bp, dcp_magellan_blackcollar, dcp_magellan_startiger",,dcp_magellan,,Point Defense,,,,,,,,,,2202
Heavy PD Maser,dcp_magellan_medpdmaser,1,0.5,3000,500,600,,,0,90,10,,,,FRAGMENTATION,,200,,0.4,0.4,0.4,,,,,10000,,,,,,,"PD, PD_ONLY, IGNORES_FLARES","pd15, beam10, dcp_magellan, dcp_magellan_adv_bp, dcp_magellan_startiger",,dcp_magellan,,Point Defense,,,,,Advanced built-in targeting sensors enable the weapon to identify decoy flares and not fire on them.,decoy flares,,,,2203
,,,,,,,,,,,,,,,,,,,,,,,,,,,,,,,,,,,,,,,,,,,,,,,,
#Missiles,,,,,,,,,,,,,,,,,,,,,,,,,,,,,,,,,,,,,,,,,,,,,,,,
Chasefire AFM,dcp_magellan_crackerafm,0,,500,1000,,200,200,20,24,4,24,0.2,4,FRAGMENTATION,,,,3.85,2,0.15,4,12,1,15,,425,175,5,150,,,"ANTI_FTR, DO_NOT_CONSERVE, GROUP_LINKED, DO_NOT_AIM","missile5, SR, dcp_magellan_core_bp, dcp_magellan_theherd",,dcp_magellan,,Anti-fighter,Medium,Good,,,,,,,,2204
Foxfire Rocket Launcher,dcp_magellan_calliope_sm,1,,750,1600,,100,,25,9,5,24,0.2,12,KINETIC,,,,9.5,3,0.25,4,12,1,15,,900,150,3.5,100,,,"DO_NOT_CONSERVE, GROUP_LINKED","utility9, missile5, dcp_magellan, dcp_magellan_core_bp, leveller,  dcp_magellan_levellercore_bp",,dcp_magellan,,Fire Support,Very Fast,Good,,,"Dumbfire missiles orient on launch, but do not continue tracking their targets.",,,,,2205
Foxfire Rocket Battery,dcp_magellan_calliope,2,,3000,1600,,100,,25,6,12,72,0.4,24,KINETIC,,,,11,6,0.2,4,12,1,15,,900,150,3.5,100,,,"DO_NOT_CONSERVE, GROUP_LINKED","utility14, missile9, dcp_magellan, dcp_magellan_adv_bp, leveller, dcp_magellan_levellercore_bp",,dcp_magellan,,Fire Support,Very Fast,Good,,,"Dumbfire missiles orient on launch, but do not continue tracking their targets.",,,,,2206
Flashfire Rocket Barrage,dcp_magellan_LKmissile_pod,2,,6400,2000,,200,,40,4,20,90,0.375,30,KINETIC,,,,13.8,5,0.3,2,8,2,10,,800,100,5,175,,,"DO_NOT_CONSERVE, GROUP_LINKED","utility18, missile12, dcp_magellan, rare_bp, leveller",,dcp_magellan,,Fire Support,Fast,Good,,,"Hits on hull or armor raise the target's soft flux by %s. Dumbfire missiles orient on launch, but do not continue tracking their targets.",200,,,,2207
Ripfire SRM Launcher,dcp_magellan_ripfiresrm,0,,600,1200,,300,,10,12,4,40,,,FRAGMENTATION,,,,5.52,5,0.12,5,15,3,15,,560,140,6,100,,,"DO_NOT_AIM, MISSILE_SPREAD, DIRECT_AIM, GROUP_LINKED","strike9, missile4, dcp_magellan, dcp_magellan_core_bp",,dcp_magellan,,Strike,Fast,Good,,,Volatile micro-warheads do %s additional damage to armor. This damage is not reduced by armor.,120,,,TRUE,2208
Ripfire SRM Battery,dcp_magellan_ripfiresrmpod,1,,2400,1200,,300,,10,8,10,100,,,FRAGMENTATION,,,,6.44,10,0.09,5,15,3,15,,560,140,6,100,,,"DO_NOT_AIM, MISSILE_SPREAD, DIRECT_AIM, GROUP_LINKED","strike14, missile10, dcp_magellan, dcp_magellan_adv_bp",,dcp_magellan,,Strike,Fast,Good,,,Volatile micro-warheads do %s additional damage to armor. This damage is not reduced by armor.,120,,,TRUE,2209
Rendfire SRM System,dcp_magellan_rendfiresrmpod,1,,5000,1500,,400,,20,6,18,120,,,FRAGMENTATION,,,,16.18,15,0.13,2,8,1,10,,750,50,10,130,,,"STRIKE, DO_NOT_AIM, MISSILE_SPREAD, DIRECT_AIM, GROUP_LINKED","strike18, missile14, dcp_magellan, rare_bp",,dcp_magellan,,Strike,Fast,Good,,,Volatile warheads have %s/%s chances to do %s/%s additional damage to armor. This damage is not reduced by armor.,40% | 60% | 120 | 160,,,TRUE,2210
Slamfire Torpedo Rack,dcp_magellan_slamfire_rack,0,,250,1200,,1200,,30,10,3,2,,,HIGH_EXPLOSIVE,0,,,1,1,,0,2,2,5,,750,250,3,350,,,STRIKE,"strike7, rocket3, dcp_magellan, dcp_magellan_core_bp",,dcp_magellan,,Torpedo,Fast,None,,,Volatile warheads do %s additional damage to armor. This damage is not reduced by armor.,300,,,TRUE,2211
Slamfire Torpedo (Single),dcp_magellan_slamfire_single,0,,150,1200,,1200,,30,10,1,1,,,HIGH_EXPLOSIVE,0,,,3,1,,0,2,2,5,,750,250,3,350,,,STRIKE,"strike5, rocket1, dcp_magellan_civ",,dcp_magellan,,Torpedo,Fast,None,,,Volatile warheads do %s additional damage to armor. This damage is not reduced by armor.,300,,,TRUE,2212
Longfire LRM Launcher,dcp_magellan_stratLRM_launcher,0,0.5,1000,4000,,1000,,15,8,8,24,0.08,4,FRAGMENTATION,,,,23.2,4,0.6,12,16,1,5,,300,100,30,200,,,"DO_NOT_AIM, MISSILE_SPREAD, DIRECT_AIM, CONSERVE_1","utility14, missile8, dcp_magellan, dcp_magellan_core_bp",,dcp_magellan,,Long Range Support,Very Slow,Very Poor,,,,,,,,2213
Balefire MRM Tube,dcp_magellan_balefiremrm_tube,1,0.5,1250,2000,,600,,25,15,5,5,,,ENERGY,100,,,10,1,,1,4,2,15,,400,100,12.5,275,,,"DO_NOT_AIM, GROUP_ALTERNATING","utility5, missile6, dcp_magellan, dcp_magellan_adv_bp, no_dealer",,dcp_magellan,,Fire Support,Medium,Good,,,Unstable fusion warheads do %s extra %s damage on hits to armor or hull.,150-300 | Energy,,,TRUE,2214
Balefire MRM Pod,dcp_magellan_balefiremrm_pod,2,,5000,2000,,400,,25,10,12,24,,,ENERGY,50,,,14,3,0.5,2,8,2,10,,400,100,12.5,225,,,"DO_NOT_AIM, GROUP_ALTERNATING","utility12, missile10, dcp_magellan, dcp_magellan_adv_bp, no_dealer",,dcp_magellan,,Fire Support,Medium,Good,,,Unstable fusion warheads do %s extra %s damage on hits to armor or hull.,100-200 | Energy,,,TRUE,2215
Fusion Bomb Launcher,dcp_magellan_hvyfusionbomb_pod,2,,3000,1000,,2000,,50,12,10,8,,,ENERGY,500,,,10,1,0,0,0,0,0,,300,400,4.5,1000,0.25,,STRIKE,"strike13, rocket10, dcp_magellan, dcp_magellan_adv_bp",,dcp_magellan,,Strike,Slow,None,,,,,,,TRUE,2216
Fusion Bomb Barrage,dcp_magellan_hvyfusionbomb_barrage,3,,7500,1000,,500,,15,8,20,120,,,ENERGY,125,,,14.35,12,0.15,12,30,2,5,,300,400,5.25,250,0.2,,"STRIKE, USE_VS_FRIGATES","strike19, rocket15, dcp_magellan, rare_bp",,dcp_magellan,,Strike,Slow,None,,Spread Pattern,,,,,TRUE,2217
,,,,,,,,,,,,,,,,,,,,,,,,,,,,,,,,,,,,,,,,,,,,,,,,
#Energy,,,,,,,,,,,,,,,,,,,,,,,,,,,,,,,,,,,,,,,,,,,,,,,,
Electron Bomb Pod,dcp_magellan_electrontorp,2,0.7,1000,400,,400,1200,0,30,7,3,0.1,1,ENERGY,600,,0.2,4.8,,,0,0,0,0,,450,,,100,,,"STRIKE, USE_VS_FRIGATES, GROUP_ALTERNATING","strike8, dcp_magellan, rare_bp, dcp_magellan_levellercore_bp",SR_strike_only,dcp_magellan,,Strike,,,,,"Hits on hull or armor will %s, dealing extra damage equal to %s of the original hit.",arc to multiple weapons and engines | 20%,,,,2218
Twin Electron Bomb,dcp_magellan_dualelectrontorp,3,0.7,2400,500,,300,800,0,30,14,8,0.1,2,ENERGY,450,,0.3,5.52,2,0.18,0,4,2,10,,450,,,100,,,"STRIKE, USE_VS_FRIGATES, GROUP_ALTERNATING","strike15, dcp_magellan, rare_bp, dcp_magellan_levellerunique_bp",SR_strike_only,dcp_magellan,,Strike,,,,,"Hits on hull or armor will %s, dealing extra damage equal to %s of the original hit.",arc to multiple weapons and engines | 20%,,,,2219
Light Fusion Torch,dcp_magellan_smhetlaser,1,0.7,900,500,,30,,0,15,7,40,5,10,HIGH_EXPLOSIVE,15,,,0.05,5,0.05,0,0,0,0,,400,,,,,,,"energy9, strike7, SR, dcp_magellan, dcp_magellan_adv_bp, dcp_magellan_blackcollar, dcp_magellan_startiger",,dcp_magellan,,Anti Armor,,,,,,,,,,2220
Heavy Fusion Torch,dcp_magellan_medhetlaser,2,0.3,2000,600,,50,,0,15,12,60,6,20,HIGH_EXPLOSIVE,25,,,0.05,10,0.05,0,0,0,0,,500,,,,,,,"energy14, strike10, SR, dcp_magellan, dcp_magellan_startiger, rare_bp",,dcp_magellan,,Anti Armor,,,,,,,,,,2221
,,,,,,,,,,,,,,,,,,,,,,,,,,,,,,,,,,,,,,,,,,,,,,,,
#Built-in,,,,,,,,,,,,,,,,,,,,,,,,,,,,,,,,,,,,,,,,,,,,,,,,
Linked Flak,dcp_magellan_linkflak,3,,500,500,,100,,4,30,5,,,,FRAGMENTATION,25,,,1.25,1,,0.15,0.75,0.15,15,,900,,,100,,,"PD, PD_ONLY, SYSTEM","he3, pd7",,dcp_magellan,,Point Defense,,,,,,,,,,2222
Electron Charge PD,dcp_magellan_triflak,3,,1250,700,,120,,4,40,7,,,,ENERGY,100,,,0.75,1,,2,6,2,6,,500,750,15,360,,,"BOMB, PD, PD_ONLY, SYSTEM","energy5, pd8",,dcp_magellan,,Point Defense,,,,,Chaff rounds %s for a short time after detonation.,decoy missiles,,,,2223
Charge Launcher,dcp_magellan_flakcharge,2,,800,500,,75,,50,45,4,,,,HIGH_EXPLOSIVE,60,,,0.75,1,,3,9,3,10,,500,750,10,200,,,SYSTEM,he7,,dcp_magellan,,Anti Armor,,,,,,,,,,2224
Stormfire MRM-C Launcher,dcp_magellan_clusterlrm_builtin,3,,3000,2500,,750,,25,0,25,40,0.1667,4,HIGH_EXPLOSIVE,0,,,11.3,4,0.5,2,10,2,10,,325,100,25,225,,,"DO_NOT_CONSERVE, DO_NOT_AIM, SYSTEM",missile15,,dcp_magellan,,Fire Support,Medium,Good,,,Submunitions each do %s additional damage to armor. This damage is not reduced by armor.,150,,,TRUE,2225
Balefire MRM Launcher,dcp_magellan_cruiserlrm_builtin,3,,5000,2000,,600,,25,0,25,32,0.1,4,ENERGY,100,,,14.5,4,0.5,2,10,2,10,,400,100,12.5,275,,,"DO_NOT_CONSERVE, DO_NOT_AIM, SYSTEM",missile16,,dcp_magellan,,Fire Support,Medium,Good,,,Unstable fusion warheads do %s extra %s damage on hits to armor or hull.,150-300 | Energy,,,TRUE,2226
Heavy Fusion Cannon,dcp_magellan_scatterblaster,3,,4000,700,,600,,0,15,15,,,,ENERGY,900,,0.1,1.4,1,,1,5,2,10,,750,,,,,,SYSTEM,energy20,,dcp_magellan,,Strike,,,,,Unstable fusion bolts do %s extra %s damage on hits to armor or hull.,150-300 | Energy,,,,2227
Triple Fusion Cannon,dcp_magellan_trinitycannon,3,,10000,800,,400,,0,8,30,,,,ENERGY,600,,0.2,2,3,0.4,4,12,2,10,,800,,,,,,"STRIKE, USE_VS_FRIGATES, SYSTEM",energy20,,dcp_magellan,,Strike,,,,,Unstable fusion bolts do %s extra %s damage on hits to armor or hull.,100-200 | Energy,,,,2228
Light Electron Lance,dcp_magellan_electrolance_med,3,,3000,1200,600,,200,0,12,12,,,,ENERGY,,857,0.15,1.8,0.9,1.65,,,,,10000,,,,,,,SYSTEM,"energy20, beam10",,dcp_magellan,,General,,,,,,,,,,2229
Heavy Electron Lance,dcp_magellan_bursttpc,3,,7500,1200,1200.5,,400.5,0,7,20,,,,ENERGY,,1714,0.2,2.4,1.2,2.2,,,,,10000,,,,,,,SYSTEM,"energy20, beam10",,dcp_magellan,,General,,,,,,,,,,2230
,,,,,,,,,,,,,,,,,,,,,,,,,,,,,,,,,,,,,,,,,,,,,,,,
#Fighter built-in,,,,,,,,,,,,,,,,,,,,,,,,,,,,,,,,,,,,,,,,,,,,,,,,
Light Flenser Pod,dcp_magellan_smciws_ftr,3,,300,350,,20,,1,75,2,,,,HIGH_EXPLOSIVE,10,,,0.55,6,0.05,2,7,1,10,,1100,,,10,,,"PD, SYSTEM","pd7, SR",,dcp_magellan,,Point Defense,,,,,One in four rounds is a tracer. %s of the shots reach %s of the maximum range and %s of the shots reach full range.,100% | 50% | 50%,,,,2231
Heavy Flenser Pod,dcp_magellan_medciws_ftr,3,,1200,450,,50,,1,60,10,,,,HIGH_EXPLOSIVE,25,,,0.73,12,0.07,4,12,2,10,,1100,,,10,,,"PD, PD_ALSO, SYSTEM","pd11, SR",,dcp_magellan,,Point Defense,,,,,One in four rounds is a tracer. %s of the shots reach %s of the maximum range and %s of the shots reach full range.,100% | 50% | 50%,,,,2232
Mini PD Maser,dcp_magellan_dronemaser,3,,500,500,75,,100,0,105,4,,,,FRAGMENTATION,,25,0.1,0.1,,,,,,,4000,,,,,,,"PD, SYSTEM","pd7, beam4",,dcp_magellan,,Point Defense,,,,,,,,,,2233
Targeting Laser,dcp_magellan_targetingbeam,3,,2000,1200,5,,,0,30,5,,,,FRAGMENTATION,,1,0.1,0.1,,,,,,,4000,,,,,,,SYSTEM,"energy0, beam0",,,,Targeting,,,,,Paints targets for the ship's missiles.,,,,,2234
Ripfire SRM Bay,dcp_magellan_ripfireftr,0,,600,800,,300,,10,4,2,9,,,FRAGMENTATION,0,,,5.9,3,0.05,0,0,0,0,,540,120,4,100,,,"DO_NOT_AIM, MISSILE_SPREAD, DIRECT_AIM, GROUP_LINKED, SYSTEM","strike9, missile4",,dcp_magellan,,Strike,Fast,Good,,,Volatile micro-warheads do %s additional damage to armor. This damage is not reduced by armor.,100,,,TRUE,2235
Electron Microbolter,dcp_magellan_ebolter_ftr,3,,300,400,,35,,1,75,9,,,,ENERGY,20,,,0.325,3,0.1,0,0,0,0,,1600,,,45,,,SYSTEM,energy12,,dcp_magellan,,General,,,,,,,,,,2236
Electron Bomb Bay,dcp_magellan_electrontorp_ftr,3,,1000,500,,300,400,0,30,8,2,,,ENERGY,0,,,0.65,2,0.35,1,4,4,5,,350,,,100,,,"STRIKE, USE_VS_FRIGATES, GROUP_LINKED, SYSTEM",strike10,SR_strike_only,dcp_magellan,,Strike,,,,,,,,,,2237
Light Fusion Lance,dcp_magellan_minifusion_lance,1,,1500,600,900,,,0,45,8,,,,ENERGY,,900,0.25,0.5,1,4,,,,,3200,,,,,,,SYSTEM,"energy12, beam8",,dcp_magellan,,General,,,,,,,,,,2238
Bonechipper,dcp_magellan_bonesaw_ftr,3,,300,450,,120,,1,75,3,,,,FRAGMENTATION,30,,,0.6,5,0.1,1,6,1,20,,950,,,45,,,SYSTEM,he7,,dcp_magellan,,General,,,,,,,,,,2239
Bonechip Flak,dcp_magellan_boneshaker_ftr,3,,300,600,,120,,1,60,10,,,,FRAGMENTATION,30,,,0.4,1,,2,8,1,15,,800,,,45,,,"PD, PD_ALSO, SYSTEM","he11, pd",,dcp_magellan,,General,,,,,,,,,,2240
Chasefire AFM Rack,dcp_magellan_crackerftrsingle,3,,500,750,,200,200,50,0,2,2,0.12,1,FRAGMENTATION,0,,,2,1,,0,0,0,0,,425,175,3.5,150,,,"ANTI_FTR, DO_NOT_CONSERVE, DO_NOT_AIM, SYSTEM",missile3,,dcp_magellan,,Anti-fighter,Medium,Good,,,,,,,TRUE,2241
Chasefire AFM Bay,dcp_magellan_crackerftr,3,,500,750,,200,200,50,0,3,4,0.3,2,FRAGMENTATION,0,,,2,1,,0,0,0,0,,425,175,3.5,150,,,"ANTI_FTR, DO_NOT_CONSERVE, DO_NOT_AIM, SYSTEM",missile4,,dcp_magellan,,Anti-fighter,Medium,Good,,,,,,,TRUE,2242
Chasefire AFM Bay (Double),dcp_magellan_crackerftrdouble,3,,500,750,,200,200,50,0,4,8,0.3,4,FRAGMENTATION,0,,,2.38,2,0.12,0,0,0,0,,425,175,3.5,150,,,"ANTI_FTR, DO_NOT_CONSERVE, DO_NOT_AIM, SYSTEM",missile5,,dcp_magellan,,Anti-fighter,Medium,Good,,,,,,,TRUE,2243
,,,,,,,,,,,,,,,,,,,,,,,,,,,,,,,,,,,,,,,,,,,,,,,,
#Leveller Weapons,,,,,,,,,,,,,,,,,,,,,,,,,,,,,,,,,,,,,,,,,,,,,,,,
Stunfire Grenade Pod,dcp_magellan_stunfire_rack,2,0.3,400,1500,,300,,30,10,4,8,,,HIGH_EXPLOSIVE,0,,0.1,5.75,2,0.15,4,8,2,5,,800,50,8,200,,,"STRIKE, USE_VS_FRIGATES, CONSERVE_FOR_ANTI_ARMOR","strike5, rocket4, leveller, dcp_magellan_levellercore_bp, restricted",,Leveller,,Grenade,Fast,None,,,Shaped-charge warheads have %s/%s/%s chances to do %s/%s/%s additional damage to armor. This damage is not reduced by armor.,20% | 60% | 20% | 50 | 100 | 150,,,TRUE,2244
Spreadfire Bolter,dcp_magellan_eflak,3,0.6,900,300,,50,100,0,120,6,12,2,3,FRAGMENTATION,30,,0.1,0.4,1,,1,6,1,12,,700,,,,,,"PD, PD_ALSO","energy8, pd10, leveller, dcp_magellan_levellercore_bp, restricted",,Leveller,,Point Defense,,,,Spread Pattern,,,,,,2245
Heavy Electron Bolter,dcp_magellan_ebolter,3,0.3,1500,500,,75,200,0,30,7,,,,ENERGY,100,,0.1,0.5,1,,0,3,1,15,,1000,,,,,,,"energy10, LR, leveller, dcp_magellan_levellercore_bp, restricted",,Leveller,,General,,,,,"Hits on hull or armor have a %s chance to %s, dealing extra damage equal to the original hit.",30% | arc to weapons and engines,,,,2246
Diffusion Gun,dcp_magellan_diffusiongun,2,0.5,1200,500,,200,,5,40,5,,,,FRAGMENTATION,50,,,3.5,6,0.1,0,0,0,0,,2000,,,,,,,"energy9, leveller, dcp_magellan_levellercore_bp, restricted",,Leveller,,General,,,,,,,,,,2247
Diffusion Pulser,dcp_magellan_diffusionlaser,3,0.5,3000,600,,200,,5,25,10,,,,FRAGMENTATION,50,,,4.6,5,0.1,0,0,0,0,,2000,,,,,,,"energy15, leveller, dcp_magellan_levellercore_bp, restricted",,Leveller,,General,,,,,,,,,,2248
Shockfire Needle Battery,dcp_magellan_electromissile_pod,3,0.3,4000,2000,,300,200,50,12,12,48,,,HIGH_EXPLOSIVE,,,,10.95,8,0.15,5,15,3,15,,600,150,12,200,,,"DO_NOT_AIM, GROUP_LINKED","strike13, missile9, leveller, dcp_magellan_levellerunique_bp, restricted",,Leveller,,Strike,Fast,Excellent,,,"Hits on hull or armor will %s, dealing extra damage equal to %s of the original hit.",arc to weapons and engines | 25%,,,TRUE,2249
,,,,,,,,,,,,,,,,,,,,,,,,,,,,,,,,,,,,,,,,,,,,,,,,
Arcfire AMM,dcp_magellan_emissile_ftr,3,,800,1200,,100,400,50,0,3,5,0.0333,1,FRAGMENTATION,,,,6,1,,0,0,0,0,,325,25,10,125,,,"GROUP_LINKED, DO_NOT_CONSERVE, DO_NOT_AIM, SYSTEM","utility6, missile4",,Leveller,,Support,Fast,Good,,,"Hits on hull or armor will %s, dealing extra damage equal to %s of the original hit.",arc to weapons and engines | 25%,,,TRUE,2250
Stunfire Grenades,dcp_magellan_stunfire_ftr,3,,400,1200,,300,,30,10,4,3,,,HIGH_EXPLOSIVE,0,,,2.7,3,0.15,4,8,2,5,,600,50,8,200,,,"STRIKE, USE_VS_FRIGATES, SYSTEM","strike5, rocket4",,Leveller,,Grenade,Fast,None,,,Shaped-charge warheads have %s/%s/%s chances to do %s/%s/%s additional damage to armor. This damage is not reduced by armor.,20% | 60% | 20% | 50 | 100 | 150,,,TRUE,2251
,,,,,,,,,,,,,,,,,,,,,,,,,,,,,,,,,,,,,,,,,,,,,,,,
#Antique Weapons,,,,,,,,,,,,,,,,,,,,,,,,,,,,,,,,,,,,,,,,,,,,,,,,
Electra CIWS,dcp_magellan_laservulcan,2,0.5,600,300,,15,,0,300,5,,,,FRAGMENTATION,3,,,0.1,4,0.1,0,6,1,15,,1600,,,,,,"PD, IGNORES_FLARES","energy7, pd7, SR, dcp_magellan_antique, hist1t, dcp_magellan_levellerunique_bp, restricted",,Antique,,Point Defense,,,,,,,,,,2252
Electron Charge PD,dcp_magellan_ioncharge,1,,1000,600,,100,400,50,50,5,4,0.75,2,ENERGY,100,,,0.6667,1,,2,6,2,5,,400,600,18,300,,,"BOMB, PD","energy5, pd6, dcp_magellan_antique, hist2t",,Antique,,Point Defense,,,,,Chaff rounds %s for a short time after detonation.,decoy missiles,,,,2253
Wishbone Electrostat Gun,dcp_magellan_edefensor,3,0.3,800,800,,160,,0,60,6,,,,FRAGMENTATION,40,,,0.32,1,,1,4,1,10,,2000,,,120,,,,"he5, dcp_magellan_antique, dcp_magellan_yellowtail, hist1t, restricted",,Antique,,General,,,,,Hypervelocity projectiles improve the chances of a hit on fast or distant targets.,,,,,2254
Silverdart ESD Gun,dcp_magellan_silverdart,3,0.1,2000,600,,50,,5,30,7,,,,KINETIC,50,,,0.853,4,0.16,1,7,1,20,,1000,,,50,,,,"kinetic9, dcp_magellan_antique, dcp_magellan_blackcollar, restricted",,Antique,,Anti Shield,,,,,Hits on hull or armor raise the target's hard flux by %s. One in every %s deliver %s damage and EMP instead.,25-75 | 4 to 8 rounds | Energy,,,,2255
Silverdart EMP,dcp_magellan_silverdart_emp,3,,0,600,,50,200,4,30,7,,,,ENERGY,50,,,1,1,,0,0,0,0,,1000,,,50,,,SYSTEM,,,,,,,,,,,,,,,2256
Silverbolt Autocannon,dcp_magellan_medautocannon,3,0.05,6000,800,,150,,5,30,12,,,,KINETIC,180,,,1.2,2,0.3,2,8,2,10,,1200,,,150,,,,"kinetic12, dcp_magellan_antique, dcp_magellan_blackcollar, no_sell, hist2t, restricted",,Antique,,Anti Shield,,,,,Hits on hull or armor raise the target's hard flux by %s.,75-125,,,,2257
#Antique Built-ins,,,,,,,,,,,,,,,,,,,,,,,,,,,,,,,,,,,,,,,,,,,,,,,,
Burst Machine Gun,dcp_magellan_emg_ftr,3,,200,350,,30,,1,75,4,,,,KINETIC,5,,,0.35,5,0.1,1,4,1,20,,1350,,,30,,,"PD, PD_ALSO, SYSTEM",kinetic5,,Antique,,General,,,,,High-velocity projectiles improve the chances of a hit on fast targets.,,,,,2258
Twin Machine Gun,dcp_magellan_estat_ftr,3,,400,350,,30,,1,60,6,,,,KINETIC,5,,,0.1,3,0.1,1,4,1,20,,1350,,,30,,,"PD, PD_ALSO, SYSTEM",kinetic9,,Antique,,General,,,,,High-velocity projectiles improve the chances of a hit on fast targets.,,,,,2259
Magnetic Hypergun,dcp_magellan_supersolenoid_sm,3,0.1,5000,1000,,400,200,15,12,15,,,,KINETIC,600,,0.1,2.4,1,,0,0,0,0,,1800,,,300,0.25,,SYSTEM,"kinetic15, LR",,Antique,,General,,,,,"Hits on hull or armor raise the target's soft flux by %s, and additionally %s, dealing extra damage equal to %s of the original hit.",400 | arc to weapons and engines | 10%,,,,2260
Magnetic Hypercannon,dcp_magellan_supersolenoid,3,,12000,1200,,1000,400,30,4,30,,,,KINETIC,1800,,0.3,3.0333,1,,0,0,0,0,,1800,,,900,0.25,,SYSTEM,"kinetic27, LR",,Antique,,General,,,,,"Hits on hull or armor raise the target's soft flux by %s, and additionally %s, dealing extra damage equal to %s of the original hit.",1000 | arc to weapons and engines | 10%,,,,2261
,,,,,,,,,,,,,,,,,,,,,,,,,,,,,,,,,,,,,,,,,,,,,,,,
#Other Subfaction Weapons,,,,,,,,,,,,,,,,,,,,,,,,,,,,,,,,,,,,,,,,,,,,,,,,
Light Gamma Torch,dcp_magellan_radflamer,3,0.1,1000,400,,30,,0,30,9,40,5,10,ENERGY,15,,,0.05,5,0.05,0,0,0,0,,400,,,,,,SYSTEM,"he9, SR, no_sell, no_drop, restricted",,The Herd,,Anti Armor,,,,,Each shot deals an additional %s damage to armor over %s seconds. This damage is not reduced by armor.,100 | 10,,,,2263
Heavy Gamma Torch,dcp_magellan_radflamer_med,3,0.1,3000,500,,50,,0,12,14,60,6,20,ENERGY,25,,,0.05,10,0.05,0,0,0,0,,500,,,,,,SYSTEM,"he14, SR, no_sell, no_drop, restricted",,The Herd,,Anti Armor,,,,,Each shot deals an additional %s damage to armor over %s seconds. This damage is not reduced by armor.,100 | 10,,,,2264
Cutting Laser,dcp_magellan_herdlaser,3,,400,1000,100,,,0,16,5,,,,HIGH_EXPLOSIVE,,50,0.1,0.1,,,,,,,2400,,,,,,,SYSTEM,"beam10, LR, no_sell, no_drop, restricted",,The Herd,,Fire Support,,,,,,,,,,2265
Glowfire MRM Pod,dcp_magellan_radmissile_launcher,3,,1500,1200,,300,,20,24,5,10,0.25,5,ENERGY,,,,0.3,5,0.3,0,0,0,0,,300,100,6,150,,,"DO_NOT_CONSERVE, DO_NOT_AIM, SYSTEM","utility12, missile6, no_sell, no_drop, restricted",,The Herd,,General,Medium,Good,,,Each missile deals an additional %s damage to armor over %s seconds. This damage is not reduced by armor.,100 | 10,,,TRUE,2266
Fuel Rod Projector,dcp_magellan_fuelrod_gun,3,0.05,4000,1000,,300,200,0,12,12,,,,ENERGY,450,,,3,1,0,2,5,1,2,,600,800,5,800,,,"STRIKE, USE_VS_FRIGATES","he14, LR, hist3t, restricted",,The Herd,,Close Support,,,,,Corrosive fuel rods do %s additional damage to armor. This damage is not reduced by armor.,100,,,,2267
Fuel Pellet Shotgun,dcp_magellan_fuelscatter_flak,3,0.5,2100,800,,750,,0,20,14,,,,ENERGY,750,,,2.5,1,,1,3,2,10,,450,600,,500,,,,"he12, SR, hist2t, restricted",,The Herd,,General,,,,Spread Pattern,"Fires %s projectiles, each doing %s damage, plus %s additional damage to armor. This damage is not reduced by armor.",9-12 | 75 | 25,,,,2268
Pellet Flak Sub,dcp_magellan_fuelscatter_sub,3,,0,850,,75,,0,20,0,,,,ENERGY,75,,,1,,,,,,,,450,600,,300,,,SYSTEM,,,,,,,,,,,,,,,2269
,,,,,,,,,,,,,,,,,,,,,,,,,,,,,,,,,,,,,,,,,,,,,,,,
Fusion Bomb Bay,dcp_magellan_fusbomb_ftr,3,,1350,600,,250,,0,30,8,3,,,HIGH_EXPLOSIVE,0,,,0.6,3,0.2,3,5,1,10,,200,400,8,300,,,"STRIKE, USE_VS_FRIGATES, GROUP_LINKED, SYSTEM",strike10,SR_strike_only,dcp_magellan,,Strike,,,,,Unstable fusion bolts do %s extra %s damage on hits to armor or hull.,50-150 | Energy,,,,2270
,,,,,,,,,,,,,,,,,,,,,,,,,,,,,,,,,,,,,,,,,,,,,,,,
Strikefire MRM Bay,dcp_magellan_electromissile_single,3,,0,1000,,250,,50,0,4,3,,,ENERGY,,,,6,1,,0,0,0,0,,500,150,8,300,,,"STRIKE, USE_VS_FRIGATES, GUIDED_POOR, DIRECT_AIM, SYSTEM",strike9,,Tichel Mercantile Concern,,Strike,Medium,Average,,,Hits to armor or hull do %s additional damage to armor. This damage is not reduced by armor.,250,,,TRUE,2271
Strikefire MRM Tube,dcp_magellan_strikefire_tube,3,,0,1000,,250,,50,0,5,8,,,ENERGY,,,,8,1,,0,0,0,0,,500,150,8,300,,,"STRIKE, USE_VS_FRIGATES, GUIDED_POOR, DIRECT_AIM, SYSTEM",strike10,,Tichel Mercantile Concern,,Strike,Medium,Average,,,Hits to armor or hull do %s additional damage to armor. This damage is not reduced by armor.,250,,,TRUE,2272
,,,,,,,,,,,,,,,,,,,,,,,,,,,,,,,,,,,,,,,,,,,,,,,,
#Smokelayer,,,,,,,,,,,,,,,,,,,,,,,,,,,,,,,,,,,,,,,,,,,,,,,,
Smokelaying Mortar,dcp_magellan_smokelauncher,,,,800,,50,,,,,,0,,FRAGMENTATION,0,0,,0.2,8,0.2,12,20,1,10,,90,600,2,100,,,SYSTEM,,,,,,,,,,,,,,,2273
Smokelaying Mortar,dcp_magellan_smokelauncher_bad,,,,800,,50,,,,,,0,,FRAGMENTATION,0,0,,0.25,6,0.25,18,24,1,10,,75,500,2.5,100,,,SYSTEM,,,,,,,,,,,,,,,2274
E-Charge Mortar,dcp_magellan_ionchargelauncher,,,,700,,100,400,50,,,,0,,ENERGY,0,0,,0.3,5,0.5,5,10,1,10,,400,600,6,300,,,SYSTEM,,,,,,,,,,,,,,,2275
Microflare,dcp_magellan_microflares,,,,400,,0,,,,,,0,,FRAGMENTATION,0,0,,0,1,0,,,,,,90,60,6,30,,,SYSTEM,,,,,,,,,,,,,,,2276
Microflare brief,dcp_magellan_microflare_brief,,,,200,,0,,,,,,0,,FRAGMENTATION,0,0,,0,1,0,,,,,,20,15,1,25,,,SYSTEM,,,,,,,,,,,,,,,2277
Drone Missile Conversion,dcp_magellan_missiledrone_wpn,3,,0,1500,,600,,200,0,0,1,,,HIGH_EXPLOSIVE,0,,0,1,1,,0,0,0,0,,600,0,10,100000,,,"DIRECT_AIM, SYSTEM",restricted,,,,Missile,Fast,Medium,,,,,,,TRUE,2278
Flak Pods,dcp_magellan_flakpod_wpn,,,,300,,150,,,,,,0,,HIGH_EXPLOSIVE,0,0,0,0.1,8,0.5,150,150,0,0,,50,150,4,150,,,SYSTEM,,,,,,,,,,,,,,,2279
,,,,,,,,,,,,,,,,,,,,,,,,,,,,,,,,,,,,,,,,,,,,,,,,
#Thumper Mod Goodie,,,,,,,,,,,,,,,,,,,,,,,,,,,,,,,,,,,,,,,,,,,,,,,,
Bonegrinder Chaingun,dcp_magellan_bonegrinder,3,0.1,1050,600,,150,,1,45,12,60,5,12,FRAGMENTATION,50,,,0.1,12,0.1,2,14,1,10,,900,,,60,0.2,,"DO_NOT_CONSERVE, SYSTEM","he10, no_sell, thumpermod_basic restricted",,dcp_magellan,,Close Assault,,,,,,,,,,2280
,,,,,,,,,,,,,,,,,,,,,,,,,,,,,,,,,,,,,,,,,,,,,,,,
